<?xml version='1.0' encoding='UTF-8' standalone='no'?>
<doxygen xmlns:xsi="http://www.w3.org/2001/XMLSchema-instance" xsi:noNamespaceSchemaLocation="compound.xsd" version="1.9.6" xml:lang="en-US">
  <compounddef id="dir_13e138d54eb8818da29c3992edef070a" kind="dir">
    <compoundname>test</compoundname>
    <innerfile refid="test_2emath_8cpp">emath.cpp</innerfile>
    <innerfile refid="test_2eparser_8cpp">eparser.cpp</innerfile>
    <briefdescription>
    </briefdescription>
    <detaileddescription>
    </detaileddescription>
    <location file="test/"/>
  </compounddef>
</doxygen>
