<?xml version='1.0' encoding='UTF-8' standalone='no'?>
<doxygen xmlns:xsi="http://www.w3.org/2001/XMLSchema-instance" xsi:noNamespaceSchemaLocation="compound.xsd" version="1.9.6" xml:lang="en-US">
  <compounddef id="classefc_1_1IWindow" kind="class" language="C++" prot="public">
    <compoundname>efc::IWindow</compoundname>
    <basecompoundref refid="classefc_1_1Window" prot="public" virt="non-virtual">efc::Window</basecompoundref>
      <sectiondef kind="public-func">
      <memberdef kind="function" id="classefc_1_1IWindow_1af8bd92992015e0b7f07a726ed2f329e5" prot="public" static="no" const="no" explicit="no" inline="yes" noexcept="yes" virt="non-virtual">
        <type></type>
        <definition>efc::IWindow::IWindow</definition>
        <argsstring>() noexcept</argsstring>
        <name>IWindow</name>
        <qualifiedname>efc::IWindow::IWindow</qualifiedname>
        <briefdescription>
<para>Default constructor. </para>
        </briefdescription>
        <detaileddescription>
        </detaileddescription>
        <inbodydescription>
        </inbodydescription>
        <location file="src/interface.cpp" line="238" column="13" bodyfile="src/interface.cpp" bodystart="238" bodyend="238"/>
      </memberdef>
      <memberdef kind="function" id="classefc_1_1IWindow_1a84cb0d425e279cd2b15dc2b43cb520d2" prot="public" static="no" const="yes" explicit="no" inline="yes" noexcept="yes" virt="virtual">
        <type>const unsigned int</type>
        <definition>const unsigned int efc::IWindow::get_title_y</definition>
        <argsstring>() const noexcept override</argsstring>
        <name>get_title_y</name>
        <qualifiedname>efc::IWindow::get_title_y</qualifiedname>
        <reimplements refid="classefc_1_1Window_1a910926d607d7ac88e4d5e6640a52836a">get_title_y</reimplements>
        <briefdescription>
<para>Gets the title y coordinate. </para>
        </briefdescription>
        <detaileddescription>
<para><simplesect kind="return"><para>(const unsigned int) The title y coordinate as a const unsigned int </para>
</simplesect>
</para>
        </detaileddescription>
        <inbodydescription>
        </inbodydescription>
        <location file="src/interface.cpp" line="243" column="32" bodyfile="src/interface.cpp" bodystart="243" bodyend="243"/>
      </memberdef>
      <memberdef kind="function" id="classefc_1_1IWindow_1a91e48b892bd02b7c11020fdfc7e7c05d" prot="public" static="no" const="yes" explicit="no" inline="yes" noexcept="yes" virt="virtual">
        <type>const unsigned int</type>
        <definition>const unsigned int efc::IWindow::get_title_x</definition>
        <argsstring>() const noexcept override</argsstring>
        <name>get_title_x</name>
        <qualifiedname>efc::IWindow::get_title_x</qualifiedname>
        <reimplements refid="classefc_1_1Window_1a2e177d9c72e6f7fcf29371df5bc08bea">get_title_x</reimplements>
        <briefdescription>
<para>Gets the title x coordinate. </para>
        </briefdescription>
        <detaileddescription>
<para><simplesect kind="return"><para>(const unsigned int) The title x coordinate as a const unsigned int </para>
</simplesect>
</para>
        </detaileddescription>
        <inbodydescription>
        </inbodydescription>
        <location file="src/interface.cpp" line="248" column="32" bodyfile="src/interface.cpp" bodystart="248" bodyend="248"/>
      </memberdef>
      <memberdef kind="function" id="classefc_1_1IWindow_1a373ef8f5d58d8d99852a90f7096cfdef" prot="public" static="no" const="no" explicit="no" inline="no" noexcept="yes" virt="non-virtual">
        <type></type>
        <definition>efc::IWindow::~IWindow</definition>
        <argsstring>() noexcept=default</argsstring>
        <name>~IWindow</name>
        <qualifiedname>efc::IWindow::~IWindow</qualifiedname>
        <briefdescription>
<para>Default destructor. </para>
        </briefdescription>
        <detaileddescription>
        </detaileddescription>
        <inbodydescription>
        </inbodydescription>
        <location file="src/interface.cpp" line="252" column="13"/>
      </memberdef>
      </sectiondef>
    <briefdescription>
<para><ref refid="classefc_1_1Window" kindref="compound">Window</ref> class extension for input. </para>
    </briefdescription>
    <detaileddescription>
<para><ref refid="classefc_1_1Window" kindref="compound">Window</ref> class implementation that focuses on showin data. </para>
    </detaileddescription>
    <inheritancegraph>
      <node id="1">
        <label>efc::IWindow</label>
        <link refid="classefc_1_1IWindow"/>
        <childnode refid="2" relation="public-inheritance">
        </childnode>
      </node>
      <node id="2">
        <label>efc::Window</label>
        <link refid="classefc_1_1Window"/>
      </node>
    </inheritancegraph>
    <collaborationgraph>
      <node id="1">
        <label>efc::IWindow</label>
        <link refid="classefc_1_1IWindow"/>
        <childnode refid="2" relation="public-inheritance">
        </childnode>
      </node>
      <node id="2">
        <label>efc::Window</label>
        <link refid="classefc_1_1Window"/>
      </node>
    </collaborationgraph>
    <location file="src/interface.cpp" line="233" column="5" bodyfile="src/interface.cpp" bodystart="233" bodyend="253"/>
    <listofallmembers>
      <member refid="classefc_1_1Window_1aea9ca4761c6305661f459b77f9e95f87" prot="protected" virt="non-virtual"><scope>efc::IWindow</scope><name>a</name></member>
      <member refid="classefc_1_1Window_1add171873b1a7a5c5e1263e8b3a61b6f9" prot="protected" virt="non-virtual"><scope>efc::IWindow</scope><name>c</name></member>
      <member refid="classefc_1_1Window_1a0f64ddda75fb64027eaa7b7dd767ec4e" prot="public" virt="non-virtual"><scope>efc::IWindow</scope><name>get_height</name></member>
      <member refid="classefc_1_1Window_1a933c7e9e67d7423b1facb73a26a9fba3" prot="public" virt="non-virtual"><scope>efc::IWindow</scope><name>get_title</name></member>
      <member refid="classefc_1_1Window_1aad12ba19cc558f386a4f2f9e7b6f1acc" prot="public" virt="non-virtual"><scope>efc::IWindow</scope><name>get_title_size</name></member>
      <member refid="classefc_1_1IWindow_1a91e48b892bd02b7c11020fdfc7e7c05d" prot="public" virt="virtual"><scope>efc::IWindow</scope><name>get_title_x</name></member>
      <member refid="classefc_1_1IWindow_1a84cb0d425e279cd2b15dc2b43cb520d2" prot="public" virt="virtual"><scope>efc::IWindow</scope><name>get_title_y</name></member>
      <member refid="classefc_1_1Window_1a58e0eb74a3b1b20a268dae29d4525dad" prot="public" virt="non-virtual"><scope>efc::IWindow</scope><name>get_width</name></member>
      <member refid="classefc_1_1Window_1a1920c8ff02f120a08252797280a3a2aa" prot="public" virt="non-virtual"><scope>efc::IWindow</scope><name>get_x</name></member>
      <member refid="classefc_1_1Window_1a433fbcc875c6e134a8c273c46525bca2" prot="public" virt="non-virtual"><scope>efc::IWindow</scope><name>get_y</name></member>
      <member refid="classefc_1_1Window_1a282f9857345806e5232bbbb0bc88c60c" prot="protected" virt="non-virtual"><scope>efc::IWindow</scope><name>h</name></member>
      <member refid="classefc_1_1Window_1a64f20e7199e6a9e85c1db282cd820ad6" prot="public" virt="non-virtual"><scope>efc::IWindow</scope><name>is_active</name></member>
      <member refid="classefc_1_1IWindow_1af8bd92992015e0b7f07a726ed2f329e5" prot="public" virt="non-virtual"><scope>efc::IWindow</scope><name>IWindow</name></member>
      <member refid="classefc_1_1Window_1a2f46320775d22ce67fdbacf50772fd02" prot="public" virt="non-virtual"><scope>efc::IWindow</scope><name>needs_update</name></member>
      <member refid="classefc_1_1Window_1ab18720ed62461884b759594ed60fb824" prot="public" virt="non-virtual"><scope>efc::IWindow</scope><name>o</name></member>
      <member refid="classefc_1_1Window_1a2feeecd90c7c634a15c4e84a3921ee14" prot="public" virt="non-virtual"><scope>efc::IWindow</scope><name>place</name></member>
      <member refid="classefc_1_1Window_1a18c9f4d362aa8ae7cd322e038828e4de" prot="public" virt="non-virtual"><scope>efc::IWindow</scope><name>set_active</name></member>
      <member refid="classefc_1_1Window_1adb89ea880c531bb3e611378ec1f10f5f" prot="public" virt="non-virtual"><scope>efc::IWindow</scope><name>set_coords</name></member>
      <member refid="classefc_1_1Window_1ad9f8b6f349dfe11addce9781a4e32ffb" prot="public" virt="non-virtual"><scope>efc::IWindow</scope><name>set_size</name></member>
      <member refid="classefc_1_1Window_1aead8ed85b65db6a0b0c27d34903b8db5" prot="public" virt="non-virtual"><scope>efc::IWindow</scope><name>set_title</name></member>
      <member refid="classefc_1_1Window_1a7dc5e87a2ff69618b81041809b052e70" prot="protected" virt="non-virtual"><scope>efc::IWindow</scope><name>t</name></member>
      <member refid="classefc_1_1Window_1ac189a55138f75bc910051d1598957018" prot="protected" virt="non-virtual"><scope>efc::IWindow</scope><name>w</name></member>
      <member refid="classefc_1_1Window_1ae5fb6b6600ebc4b528d664e8c6947ab2" prot="public" virt="non-virtual"><scope>efc::IWindow</scope><name>Window</name></member>
      <member refid="classefc_1_1Window_1a07e3095c7f4d7320c008d5fd67692b61" prot="protected" virt="non-virtual"><scope>efc::IWindow</scope><name>x</name></member>
      <member refid="classefc_1_1Window_1a560218b58e4b8e0a87d17d9d51c75ee0" prot="protected" virt="non-virtual"><scope>efc::IWindow</scope><name>y</name></member>
      <member refid="classefc_1_1IWindow_1a373ef8f5d58d8d99852a90f7096cfdef" prot="public" virt="non-virtual"><scope>efc::IWindow</scope><name>~IWindow</name></member>
      <member refid="classefc_1_1Window_1ac8ec94fb12450e4fc37ea2adc30f81f8" prot="public" virt="virtual"><scope>efc::IWindow</scope><name>~Window</name></member>
    </listofallmembers>
  </compounddef>
</doxygen>
