<?xml version='1.0' encoding='UTF-8' standalone='no'?>
<doxygen xmlns:xsi="http://www.w3.org/2001/XMLSchema-instance" xsi:noNamespaceSchemaLocation="compound.xsd" version="1.9.6" xml:lang="en-US">
  <compounddef id="classefc_1_1OWindow" kind="class" language="C++" prot="public">
    <compoundname>efc::OWindow</compoundname>
    <basecompoundref refid="classefc_1_1Window" prot="public" virt="non-virtual">efc::Window</basecompoundref>
      <sectiondef kind="private-attrib">
      <memberdef kind="variable" id="classefc_1_1OWindow_1abcee5a72d7f758a825ae091188ad6ec9" prot="private" static="no" mutable="no">
        <type>unsigned int</type>
        <definition>unsigned int efc::OWindow::s</definition>
        <argsstring></argsstring>
        <name>s</name>
        <qualifiedname>efc::OWindow::s</qualifiedname>
        <briefdescription>
<para>The scroll index as the first visible element index. </para>
        </briefdescription>
        <detaileddescription>
        </detaileddescription>
        <inbodydescription>
        </inbodydescription>
        <location file="src/interface.cpp" line="174" column="26" bodyfile="src/interface.cpp" bodystart="174" bodyend="-1"/>
      </memberdef>
      <memberdef kind="variable" id="classefc_1_1OWindow_1abcfef6db088e2ca089dee62f6017b2fe" prot="private" static="no" mutable="no">
        <type>::std::vector&lt;::std::string &gt;</type>
        <definition>::std::vector&lt;::std::string&gt; efc::OWindow::d</definition>
        <argsstring></argsstring>
        <name>d</name>
        <qualifiedname>efc::OWindow::d</qualifiedname>
        <briefdescription>
<para>The data vector, a std::vector of std::string. </para>
        </briefdescription>
        <detaileddescription>
        </detaileddescription>
        <inbodydescription>
        </inbodydescription>
        <location file="src/interface.cpp" line="178" column="27" bodyfile="src/interface.cpp" bodystart="178" bodyend="-1"/>
      </memberdef>
      </sectiondef>
      <sectiondef kind="public-func">
      <memberdef kind="function" id="classefc_1_1OWindow_1a004301001ab6897854d50d001524c952" prot="public" static="no" const="no" explicit="no" inline="yes" noexcept="yes" virt="non-virtual">
        <type></type>
        <definition>efc::OWindow::OWindow</definition>
        <argsstring>() noexcept</argsstring>
        <name>OWindow</name>
        <qualifiedname>efc::OWindow::OWindow</qualifiedname>
        <briefdescription>
<para>Default constructor. </para>
        </briefdescription>
        <detaileddescription>
        </detaileddescription>
        <inbodydescription>
        </inbodydescription>
        <location file="src/interface.cpp" line="183" column="13" bodyfile="src/interface.cpp" bodystart="183" bodyend="183"/>
      </memberdef>
      <memberdef kind="function" id="classefc_1_1OWindow_1a6ca5318015cbded809b6e0304c64466e" prot="public" static="no" const="yes" explicit="no" inline="yes" noexcept="yes" virt="non-virtual">
        <type>const unsigned int &amp;</type>
        <definition>const unsigned int &amp; efc::OWindow::get_scroll_index</definition>
        <argsstring>() const noexcept</argsstring>
        <name>get_scroll_index</name>
        <qualifiedname>efc::OWindow::get_scroll_index</qualifiedname>
        <briefdescription>
<para>Gets if the scroll index. </para>
        </briefdescription>
        <detaileddescription>
<para><simplesect kind="return"><para>(const unsigned int&amp;) The scroll index as a const unsigned int&amp; </para>
</simplesect>
</para>
        </detaileddescription>
        <inbodydescription>
        </inbodydescription>
        <location file="src/interface.cpp" line="188" column="32" bodyfile="src/interface.cpp" bodystart="188" bodyend="188"/>
      </memberdef>
      <memberdef kind="function" id="classefc_1_1OWindow_1a3b2e4975e221006d0fa253438e74b2b9" prot="public" static="no" const="yes" explicit="no" inline="yes" noexcept="yes" virt="non-virtual">
        <type>const ::std::vector&lt;::std::string &gt; &amp;</type>
        <definition>const ::std::vector&lt;::std::string &gt; &amp; efc::OWindow::get_data</definition>
        <argsstring>() const noexcept</argsstring>
        <name>get_data</name>
        <qualifiedname>efc::OWindow::get_data</qualifiedname>
        <briefdescription>
<para>Gets the data vector. </para>
        </briefdescription>
        <detaileddescription>
<para><simplesect kind="return"><para>(const ::std::vector&lt;::std::string&gt;&amp;) The data vector as a const ::std::vector&lt;::std::string&gt;&amp; </para>
</simplesect>
</para>
        </detaileddescription>
        <inbodydescription>
        </inbodydescription>
        <location file="src/interface.cpp" line="193" column="33" bodyfile="src/interface.cpp" bodystart="193" bodyend="193"/>
      </memberdef>
      <memberdef kind="function" id="classefc_1_1OWindow_1a01886b4a25cc33d062c63e1908e47dc7" prot="public" static="no" const="yes" explicit="no" inline="yes" noexcept="yes" virt="non-virtual">
        <type>const unsigned int</type>
        <definition>const unsigned int efc::OWindow::get_data_size</definition>
        <argsstring>() const noexcept</argsstring>
        <name>get_data_size</name>
        <qualifiedname>efc::OWindow::get_data_size</qualifiedname>
        <briefdescription>
<para>Gets the data vector size. </para>
        </briefdescription>
        <detaileddescription>
<para><simplesect kind="return"><para>(const unsigned int) The data vector size as a const unsigned int </para>
</simplesect>
</para>
        </detaileddescription>
        <inbodydescription>
        </inbodydescription>
        <location file="src/interface.cpp" line="198" column="32" bodyfile="src/interface.cpp" bodystart="198" bodyend="198"/>
      </memberdef>
      <memberdef kind="function" id="classefc_1_1OWindow_1a6fa50bf6b31b39e3c9c2a14cedd70aac" prot="public" static="no" const="yes" explicit="no" inline="yes" noexcept="yes" virt="virtual">
        <type>const unsigned int</type>
        <definition>const unsigned int efc::OWindow::get_title_y</definition>
        <argsstring>() const noexcept override</argsstring>
        <name>get_title_y</name>
        <qualifiedname>efc::OWindow::get_title_y</qualifiedname>
        <reimplements refid="classefc_1_1Window_1a910926d607d7ac88e4d5e6640a52836a">get_title_y</reimplements>
        <briefdescription>
<para>Gets the title y coordinate. </para>
        </briefdescription>
        <detaileddescription>
<para><simplesect kind="return"><para>(const unsigned int) The title y coordinate as a const unsigned int </para>
</simplesect>
</para>
        </detaileddescription>
        <inbodydescription>
        </inbodydescription>
        <location file="src/interface.cpp" line="203" column="32" bodyfile="src/interface.cpp" bodystart="203" bodyend="203"/>
      </memberdef>
      <memberdef kind="function" id="classefc_1_1OWindow_1aa0224c53de48b27b7bc791f3ff1fe9fc" prot="public" static="no" const="yes" explicit="no" inline="yes" noexcept="yes" virt="virtual">
        <type>const unsigned int</type>
        <definition>const unsigned int efc::OWindow::get_title_x</definition>
        <argsstring>() const noexcept override</argsstring>
        <name>get_title_x</name>
        <qualifiedname>efc::OWindow::get_title_x</qualifiedname>
        <reimplements refid="classefc_1_1Window_1a2e177d9c72e6f7fcf29371df5bc08bea">get_title_x</reimplements>
        <briefdescription>
<para>Gets the title x coordinate. </para>
        </briefdescription>
        <detaileddescription>
<para><simplesect kind="return"><para>(const unsigned int) The title x coordinate as a const unsigned int </para>
</simplesect>
</para>
        </detaileddescription>
        <inbodydescription>
        </inbodydescription>
        <location file="src/interface.cpp" line="208" column="32" bodyfile="src/interface.cpp" bodystart="208" bodyend="208"/>
        <references refid="classefc_1_1Window_1a7dc5e87a2ff69618b81041809b052e70" compoundref="interface_8cpp" startline="68">efc::Window::t</references>
      </memberdef>
      <memberdef kind="function" id="classefc_1_1OWindow_1ae8e1bfbd75a83c820e825a73765a5691" prot="public" static="no" const="no" explicit="no" inline="yes" noexcept="yes" virt="non-virtual">
        <type>void</type>
        <definition>void efc::OWindow::set_data</definition>
        <argsstring>(::std::vector&lt;::std::string &gt; &amp;&amp;data) noexcept</argsstring>
        <name>set_data</name>
        <qualifiedname>efc::OWindow::set_data</qualifiedname>
        <param>
          <type>::std::vector&lt;::std::string &gt; &amp;&amp;</type>
          <declname>data</declname>
        </param>
        <briefdescription>
<para>Sets the data vector. </para>
        </briefdescription>
        <detaileddescription>
<para><parameterlist kind="param"><parameteritem>
<parameternamelist>
<parametername>data</parametername>
</parameternamelist>
<parameterdescription>
<para>The data vector to replace with </para>
</parameterdescription>
</parameteritem>
</parameterlist>
</para>
        </detaileddescription>
        <inbodydescription>
        </inbodydescription>
        <location file="src/interface.cpp" line="213" column="18" bodyfile="src/interface.cpp" bodystart="213" bodyend="213"/>
        <references refid="classefc_1_1Window_1add171873b1a7a5c5e1263e8b3a61b6f9" compoundref="interface_8cpp" startline="64">efc::Window::c</references>
      </memberdef>
      <memberdef kind="function" id="classefc_1_1OWindow_1aac80548173360aa9c8336b60330a14a8" prot="public" static="no" const="no" explicit="no" inline="yes" noexcept="yes" virt="non-virtual">
        <type>void</type>
        <definition>void efc::OWindow::scroll_up</definition>
        <argsstring>() noexcept</argsstring>
        <name>scroll_up</name>
        <qualifiedname>efc::OWindow::scroll_up</qualifiedname>
        <briefdescription>
<para>Scrolls up, internally substracts from the scroll index within certain bounds. </para>
        </briefdescription>
        <detaileddescription>
        </detaileddescription>
        <inbodydescription>
        </inbodydescription>
        <location file="src/interface.cpp" line="217" column="18" bodyfile="src/interface.cpp" bodystart="217" bodyend="217"/>
        <references refid="classefc_1_1Window_1add171873b1a7a5c5e1263e8b3a61b6f9" compoundref="interface_8cpp" startline="64">efc::Window::c</references>
      </memberdef>
      <memberdef kind="function" id="classefc_1_1OWindow_1a360df1d628255154c3cefce86d88499d" prot="public" static="no" const="no" explicit="no" inline="yes" noexcept="yes" virt="non-virtual">
        <type>void</type>
        <definition>void efc::OWindow::scroll_down</definition>
        <argsstring>() noexcept</argsstring>
        <name>scroll_down</name>
        <qualifiedname>efc::OWindow::scroll_down</qualifiedname>
        <briefdescription>
<para>Scrolls down, internally adds to the scroll index within certain bounds. </para>
        </briefdescription>
        <detaileddescription>
        </detaileddescription>
        <inbodydescription>
        </inbodydescription>
        <location file="src/interface.cpp" line="221" column="18" bodyfile="src/interface.cpp" bodystart="221" bodyend="221"/>
        <references refid="classefc_1_1Window_1add171873b1a7a5c5e1263e8b3a61b6f9" compoundref="interface_8cpp" startline="64">efc::Window::c</references>
      </memberdef>
      <memberdef kind="function" id="classefc_1_1OWindow_1a95ca8430661cb7bb742b4bba9b5a4952" prot="public" static="no" const="no" explicit="no" inline="no" noexcept="yes" virt="non-virtual">
        <type></type>
        <definition>efc::OWindow::~OWindow</definition>
        <argsstring>() noexcept=default</argsstring>
        <name>~OWindow</name>
        <qualifiedname>efc::OWindow::~OWindow</qualifiedname>
        <briefdescription>
<para>Default destructor. </para>
        </briefdescription>
        <detaileddescription>
        </detaileddescription>
        <inbodydescription>
        </inbodydescription>
        <location file="src/interface.cpp" line="225" column="13"/>
      </memberdef>
      </sectiondef>
    <briefdescription>
<para><ref refid="classefc_1_1Window" kindref="compound">Window</ref> class extension for output. </para>
    </briefdescription>
    <detaileddescription>
<para><ref refid="classefc_1_1Window" kindref="compound">Window</ref> class implementation that focuses on showin data. Comes with the ability to scroll through an std::vector of std::string </para>
    </detaileddescription>
    <inheritancegraph>
      <node id="1">
        <label>efc::OWindow</label>
        <link refid="classefc_1_1OWindow"/>
        <childnode refid="2" relation="public-inheritance">
        </childnode>
      </node>
      <node id="2">
        <label>efc::Window</label>
        <link refid="classefc_1_1Window"/>
      </node>
    </inheritancegraph>
    <collaborationgraph>
      <node id="1">
        <label>efc::OWindow</label>
        <link refid="classefc_1_1OWindow"/>
        <childnode refid="2" relation="public-inheritance">
        </childnode>
      </node>
      <node id="2">
        <label>efc::Window</label>
        <link refid="classefc_1_1Window"/>
      </node>
    </collaborationgraph>
    <location file="src/interface.cpp" line="169" column="5" bodyfile="src/interface.cpp" bodystart="169" bodyend="226"/>
    <listofallmembers>
      <member refid="classefc_1_1Window_1aea9ca4761c6305661f459b77f9e95f87" prot="protected" virt="non-virtual"><scope>efc::OWindow</scope><name>a</name></member>
      <member refid="classefc_1_1Window_1add171873b1a7a5c5e1263e8b3a61b6f9" prot="protected" virt="non-virtual"><scope>efc::OWindow</scope><name>c</name></member>
      <member refid="classefc_1_1OWindow_1abcfef6db088e2ca089dee62f6017b2fe" prot="private" virt="non-virtual"><scope>efc::OWindow</scope><name>d</name></member>
      <member refid="classefc_1_1OWindow_1a3b2e4975e221006d0fa253438e74b2b9" prot="public" virt="non-virtual"><scope>efc::OWindow</scope><name>get_data</name></member>
      <member refid="classefc_1_1OWindow_1a01886b4a25cc33d062c63e1908e47dc7" prot="public" virt="non-virtual"><scope>efc::OWindow</scope><name>get_data_size</name></member>
      <member refid="classefc_1_1Window_1a0f64ddda75fb64027eaa7b7dd767ec4e" prot="public" virt="non-virtual"><scope>efc::OWindow</scope><name>get_height</name></member>
      <member refid="classefc_1_1OWindow_1a6ca5318015cbded809b6e0304c64466e" prot="public" virt="non-virtual"><scope>efc::OWindow</scope><name>get_scroll_index</name></member>
      <member refid="classefc_1_1Window_1a933c7e9e67d7423b1facb73a26a9fba3" prot="public" virt="non-virtual"><scope>efc::OWindow</scope><name>get_title</name></member>
      <member refid="classefc_1_1Window_1aad12ba19cc558f386a4f2f9e7b6f1acc" prot="public" virt="non-virtual"><scope>efc::OWindow</scope><name>get_title_size</name></member>
      <member refid="classefc_1_1OWindow_1aa0224c53de48b27b7bc791f3ff1fe9fc" prot="public" virt="virtual"><scope>efc::OWindow</scope><name>get_title_x</name></member>
      <member refid="classefc_1_1OWindow_1a6fa50bf6b31b39e3c9c2a14cedd70aac" prot="public" virt="virtual"><scope>efc::OWindow</scope><name>get_title_y</name></member>
      <member refid="classefc_1_1Window_1a58e0eb74a3b1b20a268dae29d4525dad" prot="public" virt="non-virtual"><scope>efc::OWindow</scope><name>get_width</name></member>
      <member refid="classefc_1_1Window_1a1920c8ff02f120a08252797280a3a2aa" prot="public" virt="non-virtual"><scope>efc::OWindow</scope><name>get_x</name></member>
      <member refid="classefc_1_1Window_1a433fbcc875c6e134a8c273c46525bca2" prot="public" virt="non-virtual"><scope>efc::OWindow</scope><name>get_y</name></member>
      <member refid="classefc_1_1Window_1a282f9857345806e5232bbbb0bc88c60c" prot="protected" virt="non-virtual"><scope>efc::OWindow</scope><name>h</name></member>
      <member refid="classefc_1_1Window_1a64f20e7199e6a9e85c1db282cd820ad6" prot="public" virt="non-virtual"><scope>efc::OWindow</scope><name>is_active</name></member>
      <member refid="classefc_1_1Window_1a2f46320775d22ce67fdbacf50772fd02" prot="public" virt="non-virtual"><scope>efc::OWindow</scope><name>needs_update</name></member>
      <member refid="classefc_1_1Window_1ab18720ed62461884b759594ed60fb824" prot="public" virt="non-virtual"><scope>efc::OWindow</scope><name>o</name></member>
      <member refid="classefc_1_1OWindow_1a004301001ab6897854d50d001524c952" prot="public" virt="non-virtual"><scope>efc::OWindow</scope><name>OWindow</name></member>
      <member refid="classefc_1_1Window_1a2feeecd90c7c634a15c4e84a3921ee14" prot="public" virt="non-virtual"><scope>efc::OWindow</scope><name>place</name></member>
      <member refid="classefc_1_1OWindow_1abcee5a72d7f758a825ae091188ad6ec9" prot="private" virt="non-virtual"><scope>efc::OWindow</scope><name>s</name></member>
      <member refid="classefc_1_1OWindow_1a360df1d628255154c3cefce86d88499d" prot="public" virt="non-virtual"><scope>efc::OWindow</scope><name>scroll_down</name></member>
      <member refid="classefc_1_1OWindow_1aac80548173360aa9c8336b60330a14a8" prot="public" virt="non-virtual"><scope>efc::OWindow</scope><name>scroll_up</name></member>
      <member refid="classefc_1_1Window_1a18c9f4d362aa8ae7cd322e038828e4de" prot="public" virt="non-virtual"><scope>efc::OWindow</scope><name>set_active</name></member>
      <member refid="classefc_1_1Window_1adb89ea880c531bb3e611378ec1f10f5f" prot="public" virt="non-virtual"><scope>efc::OWindow</scope><name>set_coords</name></member>
      <member refid="classefc_1_1OWindow_1ae8e1bfbd75a83c820e825a73765a5691" prot="public" virt="non-virtual"><scope>efc::OWindow</scope><name>set_data</name></member>
      <member refid="classefc_1_1Window_1ad9f8b6f349dfe11addce9781a4e32ffb" prot="public" virt="non-virtual"><scope>efc::OWindow</scope><name>set_size</name></member>
      <member refid="classefc_1_1Window_1aead8ed85b65db6a0b0c27d34903b8db5" prot="public" virt="non-virtual"><scope>efc::OWindow</scope><name>set_title</name></member>
      <member refid="classefc_1_1Window_1a7dc5e87a2ff69618b81041809b052e70" prot="protected" virt="non-virtual"><scope>efc::OWindow</scope><name>t</name></member>
      <member refid="classefc_1_1Window_1ac189a55138f75bc910051d1598957018" prot="protected" virt="non-virtual"><scope>efc::OWindow</scope><name>w</name></member>
      <member refid="classefc_1_1Window_1ae5fb6b6600ebc4b528d664e8c6947ab2" prot="public" virt="non-virtual"><scope>efc::OWindow</scope><name>Window</name></member>
      <member refid="classefc_1_1Window_1a07e3095c7f4d7320c008d5fd67692b61" prot="protected" virt="non-virtual"><scope>efc::OWindow</scope><name>x</name></member>
      <member refid="classefc_1_1Window_1a560218b58e4b8e0a87d17d9d51c75ee0" prot="protected" virt="non-virtual"><scope>efc::OWindow</scope><name>y</name></member>
      <member refid="classefc_1_1OWindow_1a95ca8430661cb7bb742b4bba9b5a4952" prot="public" virt="non-virtual"><scope>efc::OWindow</scope><name>~OWindow</name></member>
      <member refid="classefc_1_1Window_1ac8ec94fb12450e4fc37ea2adc30f81f8" prot="public" virt="virtual"><scope>efc::OWindow</scope><name>~Window</name></member>
    </listofallmembers>
  </compounddef>
</doxygen>
