<?xml version='1.0' encoding='UTF-8' standalone='no'?>
<doxygen xmlns:xsi="http://www.w3.org/2001/XMLSchema-instance" xsi:noNamespaceSchemaLocation="compound.xsd" version="1.9.6" xml:lang="en-US">
  <compounddef id="eparser_8h" kind="file" language="C++">
    <compoundname>eparser.h</compoundname>
    <includes local="no">string</includes>
    <includes refid="emath_8h" local="yes">emath.h</includes>
    <includedby refid="src_2eparser_8cpp" local="yes">src/eparser.cpp</includedby>
    <includedby refid="interface_8cpp" local="yes">src/interface.cpp</includedby>
    <includedby refid="test_2eparser_8cpp" local="yes">test/eparser.cpp</includedby>
    <incdepgraph>
      <node id="3">
        <label>emath.h</label>
        <link refid="emath_8h"/>
        <childnode refid="4" relation="include">
        </childnode>
        <childnode refid="5" relation="include">
        </childnode>
        <childnode refid="6" relation="include">
        </childnode>
        <childnode refid="7" relation="include">
        </childnode>
        <childnode refid="2" relation="include">
        </childnode>
        <childnode refid="8" relation="include">
        </childnode>
        <childnode refid="9" relation="include">
        </childnode>
      </node>
      <node id="1">
        <label>include/eparser.h</label>
        <link refid="eparser_8h"/>
        <childnode refid="2" relation="include">
        </childnode>
        <childnode refid="3" relation="include">
        </childnode>
      </node>
      <node id="5">
        <label>cmath</label>
      </node>
      <node id="6">
        <label>complex</label>
      </node>
      <node id="4">
        <label>map</label>
      </node>
      <node id="9">
        <label>set.h</label>
      </node>
      <node id="2">
        <label>string</label>
      </node>
      <node id="8">
        <label>unsupported/Eigen/Polynomials</label>
      </node>
      <node id="7">
        <label>vector</label>
      </node>
    </incdepgraph>
    <invincdepgraph>
      <node id="1">
        <label>include/eparser.h</label>
        <link refid="eparser_8h"/>
        <childnode refid="2" relation="include">
        </childnode>
        <childnode refid="3" relation="include">
        </childnode>
        <childnode refid="4" relation="include">
        </childnode>
      </node>
      <node id="2">
        <label>src/eparser.cpp</label>
        <link refid="src_2eparser_8cpp"/>
      </node>
      <node id="3">
        <label>src/interface.cpp</label>
        <link refid="interface_8cpp"/>
      </node>
      <node id="4">
        <label>test/eparser.cpp</label>
        <link refid="test_2eparser_8cpp"/>
      </node>
    </invincdepgraph>
    <innerclass refid="structemthp_1_1Token" prot="public">emthp::Token</innerclass>
    <innerclass refid="classemthp_1_1Lexer" prot="public">emthp::Lexer</innerclass>
    <innerclass refid="classemthp_1_1Parser" prot="public">emthp::Parser</innerclass>
    <innernamespace refid="namespaceemthp">emthp</innernamespace>
    <briefdescription>
<para>This is the main header file for the equation parser. </para>
    </briefdescription>
    <detaileddescription>
<para>This file contains the classes and functions for parsing polynomials and monomials.<linebreak/>
It consists of two classes, the Parser class and the Lexer class.<linebreak/>
The Parser class consists of two functions, one for parsing the entire input as a Polynomial and another for parsing a Monomial at a time.<linebreak/>
The Lexer class just provides a token supplier for the Parser class.<linebreak/>
</para>
    </detaileddescription>
    <programlisting>
<codeline lineno="1"><highlight class="normal"></highlight></codeline>
<codeline lineno="9"><highlight class="normal"></highlight><highlight class="preprocessor">#ifndef<sp/>EPARSER_H</highlight><highlight class="normal"></highlight></codeline>
<codeline lineno="10"><highlight class="normal"></highlight><highlight class="preprocessor">#define<sp/>EPARSER_H</highlight><highlight class="normal"></highlight></codeline>
<codeline lineno="11"><highlight class="normal"></highlight><highlight class="preprocessor">#include<sp/>&lt;string&gt;</highlight><highlight class="normal"></highlight></codeline>
<codeline lineno="12"><highlight class="normal"></highlight><highlight class="preprocessor">#include<sp/>&quot;<ref refid="emath_8h" kindref="compound">emath.h</ref>&quot;</highlight><highlight class="normal"></highlight></codeline>
<codeline lineno="13"><highlight class="normal"></highlight><highlight class="preprocessor">#pragma<sp/>once</highlight><highlight class="normal"></highlight></codeline>
<codeline lineno="19"><highlight class="normal"></highlight><highlight class="keyword">namespace<sp/></highlight><highlight class="normal"><ref refid="namespaceemthp" kindref="compound">emthp</ref><sp/>{</highlight></codeline>
<codeline lineno="24" refid="namespaceemthp_1a29873cfffe66c1e0b36436ebcc54dc6b" refkind="member"><highlight class="normal"><sp/><sp/><sp/><sp/></highlight><highlight class="keyword">enum</highlight><highlight class="normal"><sp/><ref refid="namespaceemthp_1a29873cfffe66c1e0b36436ebcc54dc6b" kindref="member">TokenType</ref><sp/>{</highlight></codeline>
<codeline lineno="28" refid="namespaceemthp_1a29873cfffe66c1e0b36436ebcc54dc6bab0be00ab2ea8e4a56ab22f220c7de9bf" refkind="member"><highlight class="normal"><sp/><sp/><sp/><sp/><sp/><sp/><sp/><sp/><ref refid="namespaceemthp_1a29873cfffe66c1e0b36436ebcc54dc6bab0be00ab2ea8e4a56ab22f220c7de9bf" kindref="member">T_PLUS</ref>,</highlight></codeline>
<codeline lineno="32" refid="namespaceemthp_1a29873cfffe66c1e0b36436ebcc54dc6ba636464f87ad08d661e8f664b4a5903db" refkind="member"><highlight class="normal"><sp/><sp/><sp/><sp/><sp/><sp/><sp/><sp/><ref refid="namespaceemthp_1a29873cfffe66c1e0b36436ebcc54dc6ba636464f87ad08d661e8f664b4a5903db" kindref="member">T_MINUS</ref>,</highlight></codeline>
<codeline lineno="36" refid="namespaceemthp_1a29873cfffe66c1e0b36436ebcc54dc6bad7549ed90d6122d0761f3acfb1b56923" refkind="member"><highlight class="normal"><sp/><sp/><sp/><sp/><sp/><sp/><sp/><sp/><ref refid="namespaceemthp_1a29873cfffe66c1e0b36436ebcc54dc6bad7549ed90d6122d0761f3acfb1b56923" kindref="member">T_NUMBER</ref>,</highlight></codeline>
<codeline lineno="40" refid="namespaceemthp_1a29873cfffe66c1e0b36436ebcc54dc6ba6aa4d0d8ca8e058abc4e4e38f466bbd2" refkind="member"><highlight class="normal"><sp/><sp/><sp/><sp/><sp/><sp/><sp/><sp/><ref refid="namespaceemthp_1a29873cfffe66c1e0b36436ebcc54dc6ba6aa4d0d8ca8e058abc4e4e38f466bbd2" kindref="member">T_VARIABLE</ref>,</highlight></codeline>
<codeline lineno="44" refid="namespaceemthp_1a29873cfffe66c1e0b36436ebcc54dc6ba7b607d6341806fa8bc4505c44670de8c" refkind="member"><highlight class="normal"><sp/><sp/><sp/><sp/><sp/><sp/><sp/><sp/><ref refid="namespaceemthp_1a29873cfffe66c1e0b36436ebcc54dc6ba7b607d6341806fa8bc4505c44670de8c" kindref="member">T_EXPONENT</ref>,</highlight></codeline>
<codeline lineno="48"><highlight class="normal"><sp/><sp/><sp/><sp/><sp/><sp/><sp/><sp/><ref refid="namespaceemthp_1a29873cfffe66c1e0b36436ebcc54dc6ba5a13d17b3d73d6aa1a545e430284ec6d" kindref="member">T_EOF</ref></highlight></codeline>
<codeline lineno="49" refid="namespaceemthp_1a29873cfffe66c1e0b36436ebcc54dc6ba5a13d17b3d73d6aa1a545e430284ec6d" refkind="member"><highlight class="normal"><sp/><sp/><sp/><sp/>};</highlight></codeline>
<codeline lineno="54" refid="structemthp_1_1Token" refkind="compound"><highlight class="normal"><sp/><sp/><sp/><sp/></highlight><highlight class="keyword">struct<sp/></highlight><highlight class="normal"><ref refid="structemthp_1_1Token" kindref="compound">Token</ref><sp/>{</highlight></codeline>
<codeline lineno="55"><highlight class="normal"><sp/><sp/><sp/><sp/><sp/><sp/><sp/><sp/></highlight><highlight class="keyword">public</highlight><highlight class="normal">:</highlight></codeline>
<codeline lineno="59" refid="structemthp_1_1Token_1ae532928c40581bc20349979955dfb2f3" refkind="member"><highlight class="normal"><sp/><sp/><sp/><sp/><sp/><sp/><sp/><sp/><sp/><sp/><sp/><sp/><ref refid="namespaceemthp_1a29873cfffe66c1e0b36436ebcc54dc6b" kindref="member">TokenType</ref><sp/><ref refid="structemthp_1_1Token_1ae532928c40581bc20349979955dfb2f3" kindref="member">type</ref>;</highlight></codeline>
<codeline lineno="63" refid="structemthp_1_1Token_1a0512f6f4c2a7dcf724d582d971393c2c" refkind="member"><highlight class="normal"><sp/><sp/><sp/><sp/><sp/><sp/><sp/><sp/><sp/><sp/><sp/><sp/></highlight><highlight class="keywordtype">double</highlight><highlight class="normal"><sp/><ref refid="structemthp_1_1Token_1a0512f6f4c2a7dcf724d582d971393c2c" kindref="member">value</ref>;</highlight></codeline>
<codeline lineno="64"><highlight class="normal"><sp/><sp/><sp/><sp/>};</highlight></codeline>
<codeline lineno="70" refid="classemthp_1_1Lexer" refkind="compound"><highlight class="normal"><sp/><sp/><sp/><sp/></highlight><highlight class="keyword">class<sp/></highlight><highlight class="normal"><ref refid="classemthp_1_1Lexer" kindref="compound">Lexer</ref><sp/>{</highlight></codeline>
<codeline lineno="71"><highlight class="normal"><sp/><sp/><sp/><sp/><sp/><sp/><sp/><sp/></highlight><highlight class="keyword">public</highlight><highlight class="normal">:</highlight></codeline>
<codeline lineno="76"><highlight class="normal"><sp/><sp/><sp/><sp/><sp/><sp/><sp/><sp/><sp/><sp/><sp/><sp/><ref refid="classemthp_1_1Lexer" kindref="compound">Lexer</ref>(</highlight><highlight class="keyword">const</highlight><highlight class="normal"><sp/>std::string&amp;<sp/>input)<sp/></highlight><highlight class="keyword">noexcept</highlight><highlight class="normal">;</highlight></codeline>
<codeline lineno="82"><highlight class="normal"><sp/><sp/><sp/><sp/><sp/><sp/><sp/><sp/><sp/><sp/><sp/><sp/><ref refid="classemthp_1_1Lexer" kindref="compound">Lexer</ref>&amp;<sp/><ref refid="classemthp_1_1Lexer_1a5116f34af8ec69634dc9202ae2d48b4a" kindref="member">operator =</ref>(</highlight><highlight class="keyword">const</highlight><highlight class="normal"><sp/><ref refid="classemthp_1_1Lexer" kindref="compound">Lexer</ref>&amp;<sp/>ogn)<sp/></highlight><highlight class="keyword">noexcept</highlight><highlight class="normal">;</highlight></codeline>
<codeline lineno="87"><highlight class="normal"><sp/><sp/><sp/><sp/><sp/><sp/><sp/><sp/><sp/><sp/><sp/><sp/><ref refid="structemthp_1_1Token" kindref="compound">Token</ref><sp/><ref refid="classemthp_1_1Lexer_1a629ea5f393603e05dad17b004caba27d" kindref="member">next</ref>()<sp/></highlight><highlight class="keyword">noexcept</highlight><highlight class="normal">;</highlight></codeline>
<codeline lineno="91"><highlight class="normal"><sp/><sp/><sp/><sp/><sp/><sp/><sp/><sp/><sp/><sp/><sp/><sp/></highlight><highlight class="keywordtype">void</highlight><highlight class="normal"><sp/><ref refid="classemthp_1_1Lexer_1a273b288699191ec896c9857cfe7f5704" kindref="member">back</ref>()<sp/></highlight><highlight class="keyword">noexcept</highlight><highlight class="normal">;</highlight></codeline>
<codeline lineno="92"><highlight class="normal"><sp/><sp/><sp/><sp/><sp/><sp/><sp/><sp/></highlight><highlight class="keyword">private</highlight><highlight class="normal">:</highlight></codeline>
<codeline lineno="96"><highlight class="normal"><sp/><sp/><sp/><sp/><sp/><sp/><sp/><sp/><sp/><sp/><sp/><sp/>std::string<sp/>_input;</highlight></codeline>
<codeline lineno="100"><highlight class="normal"><sp/><sp/><sp/><sp/><sp/><sp/><sp/><sp/><sp/><sp/><sp/><sp/></highlight><highlight class="keywordtype">long</highlight><highlight class="normal"><sp/></highlight><highlight class="keywordtype">unsigned</highlight><highlight class="normal"><sp/></highlight><highlight class="keywordtype">int</highlight><highlight class="normal"><sp/>_pos;</highlight></codeline>
<codeline lineno="105"><highlight class="normal"><sp/><sp/><sp/><sp/><sp/><sp/><sp/><sp/><sp/><sp/><sp/><sp/></highlight><highlight class="keywordtype">double</highlight><highlight class="normal"><sp/>read_number()<sp/></highlight><highlight class="keyword">noexcept</highlight><highlight class="normal">;</highlight></codeline>
<codeline lineno="111"><highlight class="normal"><sp/><sp/><sp/><sp/><sp/><sp/><sp/><sp/><sp/><sp/><sp/><sp/></highlight><highlight class="keyword">static</highlight><highlight class="normal"><sp/>std::string<sp/>clean(</highlight><highlight class="keyword">const</highlight><highlight class="normal"><sp/>std::string&amp;<sp/>input)<sp/></highlight><highlight class="keyword">noexcept</highlight><highlight class="normal">;</highlight></codeline>
<codeline lineno="118"><highlight class="normal"><sp/><sp/><sp/><sp/><sp/><sp/><sp/><sp/><sp/><sp/><sp/><sp/></highlight><highlight class="keyword">static</highlight><highlight class="normal"><sp/></highlight><highlight class="keyword">constexpr</highlight><highlight class="normal"><sp/></highlight><highlight class="keyword">inline</highlight><highlight class="normal"><sp/></highlight><highlight class="keywordtype">bool</highlight><highlight class="normal"><sp/>is_digit(</highlight><highlight class="keyword">const</highlight><highlight class="normal"><sp/></highlight><highlight class="keywordtype">char</highlight><highlight class="normal">&amp;<sp/>c)<sp/></highlight><highlight class="keyword">noexcept</highlight><highlight class="normal"><sp/>{</highlight><highlight class="keywordflow">return</highlight><highlight class="normal"><sp/>((c<sp/>&gt;=<sp/></highlight><highlight class="charliteral">&apos;0&apos;</highlight><highlight class="normal"><sp/>&amp;&amp;<sp/>c<sp/>&lt;=<sp/></highlight><highlight class="charliteral">&apos;9&apos;</highlight><highlight class="normal">)<sp/>||<sp/>c<sp/>==<sp/></highlight><highlight class="charliteral">&apos;.&apos;</highlight><highlight class="normal">);}</highlight></codeline>
<codeline lineno="119"><highlight class="normal"><sp/><sp/><sp/><sp/>};</highlight></codeline>
<codeline lineno="125" refid="classemthp_1_1Parser" refkind="compound"><highlight class="normal"><sp/><sp/><sp/><sp/></highlight><highlight class="keyword">class<sp/></highlight><highlight class="normal"><ref refid="classemthp_1_1Parser" kindref="compound">Parser</ref><sp/>{</highlight></codeline>
<codeline lineno="126"><highlight class="normal"><sp/><sp/><sp/><sp/><sp/><sp/><sp/><sp/></highlight><highlight class="keyword">public</highlight><highlight class="normal">:</highlight></codeline>
<codeline lineno="131"><highlight class="normal"><sp/><sp/><sp/><sp/><sp/><sp/><sp/><sp/><sp/><sp/><sp/><sp/><ref refid="classemthp_1_1Parser" kindref="compound">Parser</ref>(</highlight><highlight class="keyword">const</highlight><highlight class="normal"><sp/>std::string&amp;<sp/>input)<sp/></highlight><highlight class="keyword">noexcept</highlight><highlight class="normal">;</highlight></codeline>
<codeline lineno="137"><highlight class="normal"><sp/><sp/><sp/><sp/><sp/><sp/><sp/><sp/><sp/><sp/><sp/><sp/><ref refid="classemthp_1_1Parser" kindref="compound">Parser</ref>&amp;<sp/><ref refid="classemthp_1_1Parser_1ada7e099319ce350bb2d5dcfd5ea8b36a" kindref="member">operator =</ref>(</highlight><highlight class="keyword">const</highlight><highlight class="normal"><sp/><ref refid="classemthp_1_1Parser" kindref="compound">Parser</ref>&amp;<sp/>ogn)<sp/></highlight><highlight class="keyword">noexcept</highlight><highlight class="normal">;</highlight></codeline>
<codeline lineno="142"><highlight class="normal"><sp/><sp/><sp/><sp/><sp/><sp/><sp/><sp/><sp/><sp/><sp/><sp/><ref refid="classemth_1_1Polynomial" kindref="compound">emth::Polynomial</ref><sp/><ref refid="classemthp_1_1Parser_1a933df3ba2501887aa6d947bfe6eafe4b" kindref="member">parse_polynomial</ref>()<sp/></highlight><highlight class="keyword">noexcept</highlight><highlight class="normal">;</highlight></codeline>
<codeline lineno="147"><highlight class="normal"><sp/><sp/><sp/><sp/><sp/><sp/><sp/><sp/><sp/><sp/><sp/><sp/><ref refid="classemth_1_1Monomial" kindref="compound">emth::Monomial</ref><sp/><ref refid="classemthp_1_1Parser_1a590566c3e893515a0dbb9db032a889cd" kindref="member">parse_monomial</ref>()<sp/></highlight><highlight class="keyword">noexcept</highlight><highlight class="normal">;</highlight></codeline>
<codeline lineno="148"><highlight class="normal"><sp/><sp/><sp/><sp/><sp/><sp/><sp/><sp/></highlight><highlight class="keyword">private</highlight><highlight class="normal">:</highlight></codeline>
<codeline lineno="152"><highlight class="normal"><sp/><sp/><sp/><sp/><sp/><sp/><sp/><sp/><sp/><sp/><sp/><sp/><ref refid="classemthp_1_1Lexer" kindref="compound">Lexer</ref><sp/>_lexer;</highlight></codeline>
<codeline lineno="157"><highlight class="normal"><sp/><sp/><sp/><sp/><sp/><sp/><sp/><sp/><sp/><sp/><sp/><sp/></highlight><highlight class="keywordtype">double</highlight><highlight class="normal"><sp/>parse_number()<sp/></highlight><highlight class="keyword">noexcept</highlight><highlight class="normal">;</highlight></codeline>
<codeline lineno="158"><highlight class="normal"><sp/><sp/><sp/><sp/>};</highlight></codeline>
<codeline lineno="159"><highlight class="normal">}</highlight></codeline>
<codeline lineno="160"><highlight class="normal"></highlight><highlight class="preprocessor">#endif</highlight></codeline>
    </programlisting>
    <location file="include/eparser.h"/>
  </compounddef>
</doxygen>
