<?xml version='1.0' encoding='UTF-8' standalone='no'?>
<doxygen xmlns:xsi="http://www.w3.org/2001/XMLSchema-instance" xsi:noNamespaceSchemaLocation="compound.xsd" version="1.9.6" xml:lang="en-US">
  <compounddef id="unionvalue" kind="union" language="C++" prot="public">
    <compoundname>value</compoundname>
    <briefdescription>
<para>A union representing the value of the Token as a char or as a int. </para>
    </briefdescription>
    <detaileddescription>
    </detaileddescription>
    <location file="src/interface.cpp" line="680" column="1"/>
    <listofallmembers>
    </listofallmembers>
  </compounddef>
</doxygen>
