<?xml version='1.0' encoding='UTF-8' standalone='no'?>
<section xmlns="http://docbook.org/ns/docbook" version="5.0" xmlns:xlink="http://www.w3.org/1999/xlink" xml:id="_emath_8h_source" xml:lang="en-US">
<title>emath.h</title>
<indexterm><primary>include/emath.h</primary></indexterm>
Go to the documentation of this file.<programlisting linenumbering="unnumbered"><anchor xml:id="_emath_8h_source_1l00001"/>00001 
<anchor xml:id="_emath_8h_source_1l00050"/>00050 <emphasis role="preprocessor">#ifndef&#32;EMATH_H</emphasis>
<anchor xml:id="_emath_8h_source_1l00051"/>00051 <emphasis role="preprocessor">#define&#32;EMATH_H</emphasis>
<anchor xml:id="_emath_8h_source_1l00052"/>00052 <emphasis role="preprocessor">#include&#32;&lt;map&gt;</emphasis>
<anchor xml:id="_emath_8h_source_1l00053"/>00053 <emphasis role="preprocessor">#include&#32;&lt;cmath&gt;</emphasis>
<anchor xml:id="_emath_8h_source_1l00054"/>00054 <emphasis role="preprocessor">#include&#32;&lt;complex&gt;</emphasis>
<anchor xml:id="_emath_8h_source_1l00055"/>00055 <emphasis role="preprocessor">#include&#32;&lt;vector&gt;</emphasis>
<anchor xml:id="_emath_8h_source_1l00056"/>00056 <emphasis role="preprocessor">#include&#32;&lt;string&gt;</emphasis>
<anchor xml:id="_emath_8h_source_1l00057"/>00057 <emphasis role="preprocessor">#include&#32;&lt;unsupported/Eigen/Polynomials&gt;</emphasis>
<anchor xml:id="_emath_8h_source_1l00058"/>00058 <emphasis role="preprocessor">#include&#32;&quot;set.h&quot;</emphasis>
<anchor xml:id="_emath_8h_source_1l00059"/>00059 <emphasis role="preprocessor">#pragma&#32;once</emphasis>
<anchor xml:id="_emath_8h_source_1l00065"/>00065 <emphasis role="keyword">namespace&#32;</emphasis><link linkend="_namespaceemth">emth</link>&#32;{
<anchor xml:id="_emath_8h_source_1l00066"/>00066 <emphasis role="preprocessor">&#32;&#32;&#32;&#32;#define&#32;R_TOL&#32;std::numeric_limits&lt;double&gt;::epsilon()</emphasis>
<anchor xml:id="_emath_8h_source_1l00067"/>00067 <emphasis role="preprocessor">&#32;&#32;&#32;&#32;#define&#32;R_ITR&#32;1000</emphasis>
<anchor xml:id="_emath_8h_source_1l00073"/><link linkend="_classemth_1_1Arithmetic">00073</link> &#32;&#32;&#32;&#32;<emphasis role="keyword">class&#32;</emphasis><link linkend="_classemth_1_1Arithmetic">Arithmetic</link>&#32;{
<anchor xml:id="_emath_8h_source_1l00074"/>00074 &#32;&#32;&#32;&#32;&#32;&#32;&#32;&#32;<emphasis role="keyword">public</emphasis>:
<anchor xml:id="_emath_8h_source_1l00080"/>00080 &#32;&#32;&#32;&#32;&#32;&#32;&#32;&#32;&#32;&#32;&#32;&#32;<emphasis role="keyword">static</emphasis>&#32;<emphasis role="keywordtype">void</emphasis>&#32;<link linkend="_classemth_1_1Arithmetic_1adddfba367517025753ae37062ac6f483">get_divisors</link>(<emphasis role="keywordtype">int</emphasis>&#32;n,&#32;std::vector&lt;int&gt;&amp;&#32;v)&#32;<emphasis role="keyword">noexcept</emphasis>;
<anchor xml:id="_emath_8h_source_1l00081"/>00081 &#32;&#32;&#32;&#32;};
<anchor xml:id="_emath_8h_source_1l00087"/><link linkend="_classemth_1_1Monomial">00087</link> &#32;&#32;&#32;&#32;<emphasis role="keyword">class&#32;</emphasis><link linkend="_classemth_1_1Monomial">Monomial</link>&#32;{
<anchor xml:id="_emath_8h_source_1l00088"/>00088 &#32;&#32;&#32;&#32;&#32;&#32;&#32;&#32;<emphasis role="keyword">public</emphasis>:
<anchor xml:id="_emath_8h_source_1l00092"/>00092 &#32;&#32;&#32;&#32;&#32;&#32;&#32;&#32;&#32;&#32;&#32;&#32;<link linkend="_classemth_1_1Monomial_1ae6048a5e8de2117072def861911aa4a7">Monomial</link>()&#32;<emphasis role="keyword">noexcept</emphasis>;&#32;<emphasis role="comment">//Default&#32;constructor</emphasis>
<anchor xml:id="_emath_8h_source_1l00098"/>00098 <emphasis role="comment"></emphasis>&#32;&#32;&#32;&#32;&#32;&#32;&#32;&#32;&#32;&#32;&#32;&#32;<link linkend="_classemth_1_1Monomial_1ae6048a5e8de2117072def861911aa4a7">Monomial</link>(<emphasis role="keyword">const</emphasis>&#32;<emphasis role="keywordtype">double</emphasis>&#32;cf,&#32;<emphasis role="keyword">const</emphasis>&#32;<emphasis role="keywordtype">int</emphasis>&#32;dgr)&#32;<emphasis role="keyword">noexcept</emphasis>;&#32;<emphasis role="comment">//Constructor</emphasis>
<anchor xml:id="_emath_8h_source_1l00103"/>00103 <emphasis role="comment"></emphasis>&#32;&#32;&#32;&#32;&#32;&#32;&#32;&#32;&#32;&#32;&#32;&#32;<link linkend="_classemth_1_1Monomial_1ae6048a5e8de2117072def861911aa4a7">Monomial</link>(<emphasis role="keyword">const</emphasis>&#32;<link linkend="_classemth_1_1Monomial">Monomial</link>&amp;&#32;ogn)&#32;<emphasis role="keyword">noexcept</emphasis>;&#32;<emphasis role="comment">//Copy&#32;constructor</emphasis>
<anchor xml:id="_emath_8h_source_1l00108"/>00108 <emphasis role="comment"></emphasis>&#32;&#32;&#32;&#32;&#32;&#32;&#32;&#32;&#32;&#32;&#32;&#32;<link linkend="_classemth_1_1Monomial_1ae6048a5e8de2117072def861911aa4a7">Monomial</link>(<link linkend="_classemth_1_1Monomial">Monomial</link>&amp;&amp;&#32;ogn)&#32;<emphasis role="keyword">noexcept</emphasis>;&#32;<emphasis role="comment">//Move&#32;constructor</emphasis>
<anchor xml:id="_emath_8h_source_1l00114"/>00114 <emphasis role="comment"></emphasis>&#32;&#32;&#32;&#32;&#32;&#32;&#32;&#32;&#32;&#32;&#32;&#32;<link linkend="_classemth_1_1Monomial">Monomial</link>&amp;&#32;<link linkend="_classemth_1_1Monomial_1a3de7a92cfd27acad4e1ff3d2158536f4">operator =</link>(<emphasis role="keyword">const</emphasis>&#32;<link linkend="_classemth_1_1Monomial">Monomial</link>&amp;&#32;ogn)&#32;<emphasis role="keyword">noexcept</emphasis>;&#32;<emphasis role="comment">//Assigment&#32;operator</emphasis>
<anchor xml:id="_emath_8h_source_1l00120"/>00120 <emphasis role="comment"></emphasis>&#32;&#32;&#32;&#32;&#32;&#32;&#32;&#32;&#32;&#32;&#32;&#32;<link linkend="_classemth_1_1Monomial">Monomial</link>&amp;&#32;<link linkend="_classemth_1_1Monomial_1a3de7a92cfd27acad4e1ff3d2158536f4">operator =</link>(<link linkend="_classemth_1_1Monomial">Monomial</link>&amp;&amp;&#32;ogn)&#32;<emphasis role="keyword">noexcept</emphasis>;&#32;<emphasis role="comment">//Move&#32;assigment&#32;operator</emphasis>
<anchor xml:id="_emath_8h_source_1l00127"/>00127 <emphasis role="comment"></emphasis>&#32;&#32;&#32;&#32;&#32;&#32;&#32;&#32;&#32;&#32;&#32;&#32;<emphasis role="keywordtype">bool</emphasis>&#32;<link linkend="_classemth_1_1Monomial_1a2f9d14fa6443fc160258121c7907b989">operator ==</link>(<emphasis role="keyword">const</emphasis>&#32;<link linkend="_classemth_1_1Monomial">Monomial</link>&amp;&#32;ogn)&#32;<emphasis role="keyword">const</emphasis>&#32;<emphasis role="keyword">noexcept</emphasis>;&#32;<emphasis role="comment">//Equal&#32;logic&#32;operator</emphasis>
<anchor xml:id="_emath_8h_source_1l00134"/>00134 <emphasis role="comment"></emphasis>&#32;&#32;&#32;&#32;&#32;&#32;&#32;&#32;&#32;&#32;&#32;&#32;<emphasis role="keywordtype">bool</emphasis>&#32;<link linkend="_classemth_1_1Monomial_1ab7f80ead25e2f5d4ad80cdbbfe49d5e3">operator !=</link>(<emphasis role="keyword">const</emphasis>&#32;<link linkend="_classemth_1_1Monomial">Monomial</link>&amp;&#32;ogn)&#32;<emphasis role="keyword">const</emphasis>&#32;<emphasis role="keyword">noexcept</emphasis>;&#32;<emphasis role="comment">//Not&#32;Equal&#32;logic&#32;operator</emphasis>
<anchor xml:id="_emath_8h_source_1l00141"/>00141 <emphasis role="comment"></emphasis>&#32;&#32;&#32;&#32;&#32;&#32;&#32;&#32;&#32;&#32;&#32;&#32;<emphasis role="keywordtype">bool</emphasis>&#32;<link linkend="_classemth_1_1Monomial_1a995abc13b689075b21b43a30ce043e72">operator &gt;</link>(<emphasis role="keyword">const</emphasis>&#32;<link linkend="_classemth_1_1Monomial">Monomial</link>&amp;&#32;ogn)&#32;<emphasis role="keyword">const</emphasis>&#32;<emphasis role="keyword">noexcept</emphasis>;&#32;<emphasis role="comment">//Greater&#32;than&#32;logic&#32;operator</emphasis>
<anchor xml:id="_emath_8h_source_1l00148"/>00148 <emphasis role="comment"></emphasis>&#32;&#32;&#32;&#32;&#32;&#32;&#32;&#32;&#32;&#32;&#32;&#32;<emphasis role="keywordtype">bool</emphasis>&#32;<link linkend="_classemth_1_1Monomial_1a33c3c8003322cc2a8f2c4f2e1b44a387">operator &lt;</link>(<emphasis role="keyword">const</emphasis>&#32;<link linkend="_classemth_1_1Monomial">Monomial</link>&amp;&#32;ogn)&#32;<emphasis role="keyword">const</emphasis>&#32;<emphasis role="keyword">noexcept</emphasis>;&#32;<emphasis role="comment">//Less&#32;than&#32;logic&#32;operator</emphasis>
<anchor xml:id="_emath_8h_source_1l00155"/>00155 <emphasis role="comment"></emphasis>&#32;&#32;&#32;&#32;&#32;&#32;&#32;&#32;&#32;&#32;&#32;&#32;<emphasis role="keywordtype">bool</emphasis>&#32;<link linkend="_classemth_1_1Monomial_1a36079411f2ae6f90e71a09b6723ecf35">operator &gt;=</link>(<emphasis role="keyword">const</emphasis>&#32;<link linkend="_classemth_1_1Monomial">Monomial</link>&amp;&#32;ogn)&#32;<emphasis role="keyword">const</emphasis>&#32;<emphasis role="keyword">noexcept</emphasis>;&#32;<emphasis role="comment">//Greater&#32;or&#32;Equal&#32;than&#32;logic&#32;operator</emphasis>
<anchor xml:id="_emath_8h_source_1l00162"/>00162 <emphasis role="comment"></emphasis>&#32;&#32;&#32;&#32;&#32;&#32;&#32;&#32;&#32;&#32;&#32;&#32;<emphasis role="keywordtype">bool</emphasis>&#32;<link linkend="_classemth_1_1Monomial_1a80fe0433858cf335c1e29ff15aa4bcb8">operator &lt;=</link>(<emphasis role="keyword">const</emphasis>&#32;<link linkend="_classemth_1_1Monomial">Monomial</link>&amp;&#32;ogn)&#32;<emphasis role="keyword">const</emphasis>&#32;<emphasis role="keyword">noexcept</emphasis>;&#32;<emphasis role="comment">//Less&#32;or&#32;Equal&#32;than&#32;logic&#32;operator</emphasis>
<anchor xml:id="_emath_8h_source_1l00168"/>00168 <emphasis role="comment"></emphasis>&#32;&#32;&#32;&#32;&#32;&#32;&#32;&#32;&#32;&#32;&#32;&#32;<link linkend="_classemth_1_1Monomial">Monomial</link>&#32;<link linkend="_classemth_1_1Monomial_1aa545290af910fc7a0c68bc02decd41c5">operator +</link>(<emphasis role="keyword">const</emphasis>&#32;<link linkend="_classemth_1_1Monomial">Monomial</link>&amp;&#32;ogn)&#32;<emphasis role="keyword">const</emphasis>&#32;<emphasis role="keyword">noexcept</emphasis>;&#32;<emphasis role="comment">//Addition&#32;operator</emphasis>
<anchor xml:id="_emath_8h_source_1l00174"/>00174 <emphasis role="comment"></emphasis>&#32;&#32;&#32;&#32;&#32;&#32;&#32;&#32;&#32;&#32;&#32;&#32;<link linkend="_classemth_1_1Monomial">Monomial</link>&#32;<link linkend="_classemth_1_1Monomial_1aee07c6d65bc594b8eaaa4d0299840e05">operator -</link>(<emphasis role="keyword">const</emphasis>&#32;<link linkend="_classemth_1_1Monomial">Monomial</link>&amp;&#32;ogn)&#32;<emphasis role="keyword">const</emphasis>&#32;<emphasis role="keyword">noexcept</emphasis>;&#32;<emphasis role="comment">//Substraction&#32;operator</emphasis>
<anchor xml:id="_emath_8h_source_1l00180"/>00180 <emphasis role="comment"></emphasis>&#32;&#32;&#32;&#32;&#32;&#32;&#32;&#32;&#32;&#32;&#32;&#32;<link linkend="_classemth_1_1Monomial">Monomial</link>&#32;<link linkend="_classemth_1_1Monomial_1a98a931372dbd0ddafe82ce5601f30836">operator *</link>(<emphasis role="keyword">const</emphasis>&#32;<link linkend="_classemth_1_1Monomial">Monomial</link>&amp;&#32;ogn)&#32;<emphasis role="keyword">const</emphasis>&#32;<emphasis role="keyword">noexcept</emphasis>;&#32;<emphasis role="comment">//Multiplication&#32;operator</emphasis>
<anchor xml:id="_emath_8h_source_1l00186"/>00186 <emphasis role="comment"></emphasis>&#32;&#32;&#32;&#32;&#32;&#32;&#32;&#32;&#32;&#32;&#32;&#32;<link linkend="_classemth_1_1Monomial">Monomial</link>&#32;<link linkend="_classemth_1_1Monomial_1a55982755a6223cbf977e55979fcad8ff">operator /</link>(<emphasis role="keyword">const</emphasis>&#32;<link linkend="_classemth_1_1Monomial">Monomial</link>&amp;&#32;ogn)&#32;<emphasis role="keyword">const</emphasis>&#32;<emphasis role="keyword">noexcept</emphasis>;&#32;<emphasis role="comment">//Division&#32;operator</emphasis>
<anchor xml:id="_emath_8h_source_1l00192"/>00192 <emphasis role="comment"></emphasis>&#32;&#32;&#32;&#32;&#32;&#32;&#32;&#32;&#32;&#32;&#32;&#32;<link linkend="_classemth_1_1Monomial">Monomial</link>&#32;<link linkend="_classemth_1_1Monomial_1a8316e22fbd1420a2302fcf8bd6d3b6c2">operator %</link>(<emphasis role="keyword">const</emphasis>&#32;<link linkend="_classemth_1_1Monomial">Monomial</link>&amp;&#32;ogn)&#32;<emphasis role="keyword">const</emphasis>&#32;<emphasis role="keyword">noexcept</emphasis>;&#32;<emphasis role="comment">//Modulus&#32;operator</emphasis>
<anchor xml:id="_emath_8h_source_1l00198"/>00198 <emphasis role="comment"></emphasis>&#32;&#32;&#32;&#32;&#32;&#32;&#32;&#32;&#32;&#32;&#32;&#32;<link linkend="_classemth_1_1Monomial">Monomial</link>&amp;&#32;<link linkend="_classemth_1_1Monomial_1a7cac7880021c7cf783daa15ee00b94d1">operator +=</link>(<emphasis role="keyword">const</emphasis>&#32;<link linkend="_classemth_1_1Monomial">Monomial</link>&amp;&#32;ogn)&#32;<emphasis role="keyword">noexcept</emphasis>;&#32;<emphasis role="comment">//Addition&#32;assigment&#32;operator</emphasis>
<anchor xml:id="_emath_8h_source_1l00204"/>00204 <emphasis role="comment"></emphasis>&#32;&#32;&#32;&#32;&#32;&#32;&#32;&#32;&#32;&#32;&#32;&#32;<link linkend="_classemth_1_1Monomial">Monomial</link>&amp;&#32;<link linkend="_classemth_1_1Monomial_1a45a932afba1f1f38c5ca16b6c16fd3c8">operator -=</link>(<emphasis role="keyword">const</emphasis>&#32;<link linkend="_classemth_1_1Monomial">Monomial</link>&amp;&#32;ogn)&#32;<emphasis role="keyword">noexcept</emphasis>;&#32;<emphasis role="comment">//Substraction&#32;assigment&#32;operator</emphasis>
<anchor xml:id="_emath_8h_source_1l00210"/>00210 <emphasis role="comment"></emphasis>&#32;&#32;&#32;&#32;&#32;&#32;&#32;&#32;&#32;&#32;&#32;&#32;<link linkend="_classemth_1_1Monomial">Monomial</link>&amp;&#32;<link linkend="_classemth_1_1Monomial_1a59e6ec6722fe75349e84c6c3397279f5">operator *=</link>(<emphasis role="keyword">const</emphasis>&#32;<link linkend="_classemth_1_1Monomial">Monomial</link>&amp;&#32;ogn)&#32;<emphasis role="keyword">noexcept</emphasis>;&#32;<emphasis role="comment">//Multiplication&#32;assigment&#32;operator</emphasis>
<anchor xml:id="_emath_8h_source_1l00216"/>00216 <emphasis role="comment"></emphasis>&#32;&#32;&#32;&#32;&#32;&#32;&#32;&#32;&#32;&#32;&#32;&#32;<link linkend="_classemth_1_1Monomial">Monomial</link>&amp;&#32;<link linkend="_classemth_1_1Monomial_1a1bdb99f916437cd3a7c127b71bec5787">operator /=</link>(<emphasis role="keyword">const</emphasis>&#32;<link linkend="_classemth_1_1Monomial">Monomial</link>&amp;&#32;ogn)&#32;<emphasis role="keyword">noexcept</emphasis>;&#32;<emphasis role="comment">//Division&#32;assigment&#32;operator</emphasis>
<anchor xml:id="_emath_8h_source_1l00222"/>00222 <emphasis role="comment"></emphasis>&#32;&#32;&#32;&#32;&#32;&#32;&#32;&#32;&#32;&#32;&#32;&#32;<link linkend="_classemth_1_1Monomial">Monomial</link>&amp;&#32;<link linkend="_classemth_1_1Monomial_1ab4c89014e13b2f35f264492486a935fe">operator %=</link>(<emphasis role="keyword">const</emphasis>&#32;<link linkend="_classemth_1_1Monomial">Monomial</link>&amp;&#32;ogn)&#32;<emphasis role="keyword">noexcept</emphasis>;&#32;<emphasis role="comment">//Modulus&#32;assigment&#32;operator</emphasis>
<anchor xml:id="_emath_8h_source_1l00229"/><link linkend="_classemth_1_1Monomial_1a01135c72790e63387bc07601dd3acc5b">00229</link> <emphasis role="comment"></emphasis>&#32;&#32;&#32;&#32;&#32;&#32;&#32;&#32;&#32;&#32;&#32;&#32;<emphasis role="keyword">friend</emphasis>&#32;std::stringstream&amp;&#32;<link linkend="_classemth_1_1Monomial_1a01135c72790e63387bc07601dd3acc5b">operator&lt;&lt;</link>(std::stringstream&amp;&#32;ss,&#32;<emphasis role="keyword">const</emphasis>&#32;<link linkend="_classemth_1_1Monomial">Monomial</link>&amp;&#32;m);&#32;<emphasis role="comment">//Stream&#32;operator</emphasis>
<anchor xml:id="_emath_8h_source_1l00236"/><link linkend="_classemth_1_1Monomial_1ada77c9969b0422090c05636a895c0e8e">00236</link> <emphasis role="comment"></emphasis>&#32;&#32;&#32;&#32;&#32;&#32;&#32;&#32;&#32;&#32;&#32;&#32;<emphasis role="keyword">friend</emphasis>&#32;std::ostream&amp;&#32;<link linkend="_classemth_1_1Monomial_1ada77c9969b0422090c05636a895c0e8e">operator&lt;&lt;</link>(std::ostream&amp;&#32;out,&#32;<emphasis role="keyword">const</emphasis>&#32;<link linkend="_classemth_1_1Monomial">Monomial</link>&amp;&#32;m);&#32;<emphasis role="comment">//Stream&#32;operator</emphasis>
<anchor xml:id="_emath_8h_source_1l00241"/>00241 <emphasis role="comment"></emphasis>&#32;&#32;&#32;&#32;&#32;&#32;&#32;&#32;&#32;&#32;&#32;&#32;<emphasis role="keywordtype">double</emphasis>&#32;<link linkend="_classemth_1_1Monomial_1ac0ea8a4e12483048519184c536c27124">get_coeff</link>()&#32;const&#32;noexcept;&#32;<emphasis role="comment">//Coefficient&#32;getter</emphasis>
<anchor xml:id="_emath_8h_source_1l00246"/>00246 <emphasis role="comment"></emphasis>&#32;&#32;&#32;&#32;&#32;&#32;&#32;&#32;&#32;&#32;&#32;&#32;<emphasis role="keywordtype">int</emphasis>&#32;<link linkend="_classemth_1_1Monomial_1a1a11b6043ddc48006fe37241bb6bc6d0">get_degree</link>()&#32;const&#32;noexcept;&#32;<emphasis role="comment">//Degree&#32;getter</emphasis>
<anchor xml:id="_emath_8h_source_1l00251"/>00251 <emphasis role="comment"></emphasis>&#32;&#32;&#32;&#32;&#32;&#32;&#32;&#32;&#32;&#32;&#32;&#32;<emphasis role="keywordtype">void</emphasis>&#32;<link linkend="_classemth_1_1Monomial_1adae9aaac815a7c86ec651e5bdb3d3043">set_coeff</link>(<emphasis role="keywordtype">double</emphasis>&#32;cf)&#32;noexcept;&#32;<emphasis role="comment">//Coefficient&#32;setter</emphasis>
<anchor xml:id="_emath_8h_source_1l00256"/>00256 <emphasis role="comment"></emphasis>&#32;&#32;&#32;&#32;&#32;&#32;&#32;&#32;&#32;&#32;&#32;&#32;<emphasis role="keywordtype">void</emphasis>&#32;<link linkend="_classemth_1_1Monomial_1ab695cba07bcbf08cfec7d32e0bf4cc20">set_degree</link>(<emphasis role="keywordtype">int</emphasis>&#32;dgr)&#32;noexcept;&#32;<emphasis role="comment">//Degree&#32;setter</emphasis>
<anchor xml:id="_emath_8h_source_1l00261"/>00261 <emphasis role="comment"></emphasis>&#32;&#32;&#32;&#32;&#32;&#32;&#32;&#32;&#32;&#32;&#32;&#32;std::<emphasis role="keywordtype">string</emphasis>&#32;<link linkend="_classemth_1_1Monomial_1a2940ea82172b382f8354fe4d1556b996">get_expression</link>()&#32;const&#32;noexcept;&#32;<emphasis role="comment">//String&#32;expression&#32;getter</emphasis>
<anchor xml:id="_emath_8h_source_1l00267"/>00267 <emphasis role="comment"></emphasis>&#32;&#32;&#32;&#32;&#32;&#32;&#32;&#32;&#32;&#32;&#32;&#32;<emphasis role="keywordtype">double</emphasis>&#32;<link linkend="_classemth_1_1Monomial_1a50a76c251c4a66c3522b78f0aba3c157">get_value</link>(const&#32;<emphasis role="keywordtype">double</emphasis>&amp;&#32;x)&#32;const&#32;noexcept;&#32;<emphasis role="comment">//Value&#32;for&#32;x&#32;getter</emphasis>
<anchor xml:id="_emath_8h_source_1l00271"/><link linkend="_classemth_1_1Monomial_1aecedb04edd52a33ba0ee110eedbd74db">00271</link> <emphasis role="comment"></emphasis>&#32;&#32;&#32;&#32;&#32;&#32;&#32;&#32;&#32;&#32;&#32;&#32;~<link linkend="_classemth_1_1Monomial">Monomial</link>();&#32;<emphasis role="comment">//Destructor</emphasis>
<anchor xml:id="_emath_8h_source_1l00272"/>00272 &#32;&#32;&#32;&#32;&#32;&#32;&#32;&#32;private:
<anchor xml:id="_emath_8h_source_1l00276"/>00276 &#32;&#32;&#32;&#32;&#32;&#32;&#32;&#32;&#32;&#32;&#32;&#32;<emphasis role="keywordtype">double</emphasis>&#32;coeff;
<anchor xml:id="_emath_8h_source_1l00280"/>00280 &#32;&#32;&#32;&#32;&#32;&#32;&#32;&#32;&#32;&#32;&#32;&#32;<emphasis role="keywordtype">int</emphasis>&#32;degree;
<anchor xml:id="_emath_8h_source_1l00285"/>00285 &#32;&#32;&#32;&#32;&#32;&#32;&#32;&#32;&#32;&#32;&#32;&#32;<emphasis role="keywordtype">void</emphasis>&#32;swap(<link linkend="_classemth_1_1Monomial">Monomial</link>&amp;&#32;ogn)&#32;noexcept;&#32;<emphasis role="comment">//Swap&#32;function</emphasis>
<anchor xml:id="_emath_8h_source_1l00286"/>00286 &#32;&#32;&#32;&#32;};
<anchor xml:id="_emath_8h_source_1l00292"/><link linkend="_classemth_1_1Polynomial">00292</link> &#32;&#32;&#32;&#32;class&#32;<link linkend="_classemth_1_1Polynomial">Polynomial</link>&#32;{
<anchor xml:id="_emath_8h_source_1l00293"/>00293 &#32;&#32;&#32;&#32;&#32;&#32;&#32;&#32;<emphasis role="keyword">public</emphasis>:
<anchor xml:id="_emath_8h_source_1l00297"/>00297 &#32;&#32;&#32;&#32;&#32;&#32;&#32;&#32;&#32;&#32;&#32;&#32;<link linkend="_classemth_1_1Polynomial">Polynomial</link>()&#32;<emphasis role="keyword">noexcept</emphasis>;&#32;<emphasis role="comment">//Default&#32;constructor</emphasis>
<anchor xml:id="_emath_8h_source_1l00302"/><link linkend="_classemth_1_1Polynomial_1af0f389de210155a112852f013aaa18d3">00302</link> <emphasis role="comment"></emphasis>&#32;&#32;&#32;&#32;&#32;&#32;&#32;&#32;&#32;&#32;&#32;&#32;<link linkend="_classemth_1_1Polynomial_1af0f389de210155a112852f013aaa18d3">Polynomial</link>(<emphasis role="keyword">const</emphasis>&#32;std::map&lt;int,&#32;Monomial&gt;&#32;mns)&#32;<emphasis role="keyword">noexcept</emphasis>;&#32;<emphasis role="comment">//Constructor</emphasis>
<anchor xml:id="_emath_8h_source_1l00307"/><link linkend="_classemth_1_1Polynomial_1a98e8835f620927464b617d6b6ebd1329">00307</link> <emphasis role="comment"></emphasis>&#32;&#32;&#32;&#32;&#32;&#32;&#32;&#32;&#32;&#32;&#32;&#32;<link linkend="_classemth_1_1Polynomial_1a98e8835f620927464b617d6b6ebd1329">Polynomial</link>(<emphasis role="keyword">const</emphasis>&#32;std::initializer_list&lt;Monomial&gt;&#32;mns)&#32;<emphasis role="keyword">noexcept</emphasis>;&#32;<emphasis role="comment">//List&#32;Constructor</emphasis>
<anchor xml:id="_emath_8h_source_1l00312"/><link linkend="_classemth_1_1Polynomial_1a084aed33935ade2f689f09103daaac53">00312</link> <emphasis role="comment"></emphasis>&#32;&#32;&#32;&#32;&#32;&#32;&#32;&#32;&#32;&#32;&#32;&#32;<link linkend="_classemth_1_1Polynomial_1a084aed33935ade2f689f09103daaac53">Polynomial</link>(<emphasis role="keyword">const</emphasis>&#32;std::vector&lt;Monomial&gt;&#32;mns)&#32;<emphasis role="keyword">noexcept</emphasis>;&#32;<emphasis role="comment">//Vector&#32;Constructor</emphasis>
<anchor xml:id="_emath_8h_source_1l00317"/>00317 <emphasis role="comment"></emphasis>&#32;&#32;&#32;&#32;&#32;&#32;&#32;&#32;&#32;&#32;&#32;&#32;<link linkend="_classemth_1_1Polynomial">Polynomial</link>(<emphasis role="keyword">const</emphasis>&#32;<link linkend="_classemth_1_1Polynomial">Polynomial</link>&amp;&#32;ogn)&#32;<emphasis role="keyword">noexcept</emphasis>;&#32;<emphasis role="comment">//Copy&#32;constructor</emphasis>
<anchor xml:id="_emath_8h_source_1l00322"/>00322 <emphasis role="comment"></emphasis>&#32;&#32;&#32;&#32;&#32;&#32;&#32;&#32;&#32;&#32;&#32;&#32;<link linkend="_classemth_1_1Polynomial">Polynomial</link>(<link linkend="_classemth_1_1Polynomial">Polynomial</link>&amp;&amp;&#32;ogn)&#32;<emphasis role="keyword">noexcept</emphasis>;&#32;<emphasis role="comment">//Move&#32;constructor</emphasis>
<anchor xml:id="_emath_8h_source_1l00328"/>00328 <emphasis role="comment"></emphasis>&#32;&#32;&#32;&#32;&#32;&#32;&#32;&#32;&#32;&#32;&#32;&#32;<link linkend="_classemth_1_1Polynomial">Polynomial</link>&amp;&#32;<link linkend="_classemth_1_1Monomial_1a3de7a92cfd27acad4e1ff3d2158536f4">operator =</link>(<emphasis role="keyword">const</emphasis>&#32;<link linkend="_classemth_1_1Polynomial">Polynomial</link>&amp;&#32;ogn)&#32;<emphasis role="keyword">noexcept</emphasis>;&#32;<emphasis role="comment">//Assigment&#32;operator</emphasis>
<anchor xml:id="_emath_8h_source_1l00334"/>00334 <emphasis role="comment"></emphasis>&#32;&#32;&#32;&#32;&#32;&#32;&#32;&#32;&#32;&#32;&#32;&#32;<link linkend="_classemth_1_1Polynomial">Polynomial</link>&amp;&#32;<link linkend="_classemth_1_1Monomial_1a3de7a92cfd27acad4e1ff3d2158536f4">operator =</link>(<link linkend="_classemth_1_1Polynomial">Polynomial</link>&amp;&amp;&#32;ogn)&#32;<emphasis role="keyword">noexcept</emphasis>;&#32;<emphasis role="comment">//Move&#32;assigment&#32;operator</emphasis>
<anchor xml:id="_emath_8h_source_1l00341"/>00341 <emphasis role="comment"></emphasis>&#32;&#32;&#32;&#32;&#32;&#32;&#32;&#32;&#32;&#32;&#32;&#32;<emphasis role="keywordtype">bool</emphasis>&#32;<link linkend="_classemth_1_1Monomial_1a2f9d14fa6443fc160258121c7907b989">operator ==</link>(<emphasis role="keyword">const</emphasis>&#32;<link linkend="_classemth_1_1Polynomial">Polynomial</link>&amp;&#32;ogn)&#32;<emphasis role="keyword">const</emphasis>&#32;<emphasis role="keyword">noexcept</emphasis>;&#32;<emphasis role="comment">//Equal&#32;logic&#32;operator</emphasis>
<anchor xml:id="_emath_8h_source_1l00348"/>00348 <emphasis role="comment"></emphasis>&#32;&#32;&#32;&#32;&#32;&#32;&#32;&#32;&#32;&#32;&#32;&#32;<emphasis role="keywordtype">bool</emphasis>&#32;<link linkend="_classemth_1_1Monomial_1ab7f80ead25e2f5d4ad80cdbbfe49d5e3">operator !=</link>(<emphasis role="keyword">const</emphasis>&#32;<link linkend="_classemth_1_1Polynomial">Polynomial</link>&amp;&#32;ogn)&#32;<emphasis role="keyword">const</emphasis>&#32;<emphasis role="keyword">noexcept</emphasis>;&#32;<emphasis role="comment">//Not&#32;equal&#32;logic&#32;operator</emphasis>
<anchor xml:id="_emath_8h_source_1l00355"/>00355 <emphasis role="comment"></emphasis>&#32;&#32;&#32;&#32;&#32;&#32;&#32;&#32;&#32;&#32;&#32;&#32;<emphasis role="keywordtype">bool</emphasis>&#32;<link linkend="_classemth_1_1Monomial_1a995abc13b689075b21b43a30ce043e72">operator &gt;</link>(<emphasis role="keyword">const</emphasis>&#32;<link linkend="_classemth_1_1Polynomial">Polynomial</link>&amp;&#32;ogn)&#32;<emphasis role="keyword">const</emphasis>&#32;<emphasis role="keyword">noexcept</emphasis>;&#32;<emphasis role="comment">//Greater&#32;than&#32;logic&#32;operator</emphasis>
<anchor xml:id="_emath_8h_source_1l00362"/>00362 <emphasis role="comment"></emphasis>&#32;&#32;&#32;&#32;&#32;&#32;&#32;&#32;&#32;&#32;&#32;&#32;<emphasis role="keywordtype">bool</emphasis>&#32;<link linkend="_classemth_1_1Monomial_1a33c3c8003322cc2a8f2c4f2e1b44a387">operator &lt;</link>(<emphasis role="keyword">const</emphasis>&#32;<link linkend="_classemth_1_1Polynomial">Polynomial</link>&amp;&#32;ogn)&#32;<emphasis role="keyword">const</emphasis>&#32;<emphasis role="keyword">noexcept</emphasis>;&#32;<emphasis role="comment">//Lesser&#32;than&#32;logic&#32;operator</emphasis>
<anchor xml:id="_emath_8h_source_1l00369"/>00369 <emphasis role="comment"></emphasis>&#32;&#32;&#32;&#32;&#32;&#32;&#32;&#32;&#32;&#32;&#32;&#32;<emphasis role="keywordtype">bool</emphasis>&#32;<link linkend="_classemth_1_1Monomial_1a36079411f2ae6f90e71a09b6723ecf35">operator &gt;=</link>(<emphasis role="keyword">const</emphasis>&#32;<link linkend="_classemth_1_1Polynomial">Polynomial</link>&amp;&#32;ogn)&#32;<emphasis role="keyword">const</emphasis>&#32;<emphasis role="keyword">noexcept</emphasis>;&#32;<emphasis role="comment">//Greater&#32;or&#32;Equal&#32;than&#32;logic&#32;operator</emphasis>
<anchor xml:id="_emath_8h_source_1l00376"/>00376 <emphasis role="comment"></emphasis>&#32;&#32;&#32;&#32;&#32;&#32;&#32;&#32;&#32;&#32;&#32;&#32;<emphasis role="keywordtype">bool</emphasis>&#32;<link linkend="_classemth_1_1Monomial_1a80fe0433858cf335c1e29ff15aa4bcb8">operator &lt;=</link>(<emphasis role="keyword">const</emphasis>&#32;<link linkend="_classemth_1_1Polynomial">Polynomial</link>&amp;&#32;ogn)&#32;<emphasis role="keyword">const</emphasis>&#32;<emphasis role="keyword">noexcept</emphasis>;&#32;<emphasis role="comment">//Lesser&#32;or&#32;Equal&#32;than&#32;logic&#32;operator</emphasis>
<anchor xml:id="_emath_8h_source_1l00382"/>00382 <emphasis role="comment"></emphasis>&#32;&#32;&#32;&#32;&#32;&#32;&#32;&#32;&#32;&#32;&#32;&#32;<link linkend="_classemth_1_1Polynomial">Polynomial</link>&#32;<link linkend="_classemth_1_1Monomial_1aa545290af910fc7a0c68bc02decd41c5">operator +</link>(<emphasis role="keyword">const</emphasis>&#32;<link linkend="_classemth_1_1Polynomial">Polynomial</link>&amp;&#32;ogn)&#32;<emphasis role="keyword">const</emphasis>&#32;<emphasis role="keyword">noexcept</emphasis>;&#32;<emphasis role="comment">//Addition&#32;operator</emphasis>
<anchor xml:id="_emath_8h_source_1l00388"/>00388 <emphasis role="comment"></emphasis>&#32;&#32;&#32;&#32;&#32;&#32;&#32;&#32;&#32;&#32;&#32;&#32;<link linkend="_classemth_1_1Polynomial">Polynomial</link>&#32;<link linkend="_classemth_1_1Monomial_1aee07c6d65bc594b8eaaa4d0299840e05">operator -</link>(<emphasis role="keyword">const</emphasis>&#32;<link linkend="_classemth_1_1Polynomial">Polynomial</link>&amp;&#32;ogn)&#32;<emphasis role="keyword">const</emphasis>&#32;<emphasis role="keyword">noexcept</emphasis>;&#32;<emphasis role="comment">//Substraction&#32;operator</emphasis>
<anchor xml:id="_emath_8h_source_1l00394"/>00394 <emphasis role="comment"></emphasis>&#32;&#32;&#32;&#32;&#32;&#32;&#32;&#32;&#32;&#32;&#32;&#32;<link linkend="_classemth_1_1Polynomial">Polynomial</link>&#32;<link linkend="_classemth_1_1Monomial_1a98a931372dbd0ddafe82ce5601f30836">operator *</link>(<emphasis role="keyword">const</emphasis>&#32;<link linkend="_classemth_1_1Polynomial">Polynomial</link>&amp;&#32;ogn)&#32;<emphasis role="keyword">const</emphasis>&#32;<emphasis role="keyword">noexcept</emphasis>;&#32;<emphasis role="comment">//Multiplication&#32;operator</emphasis>
<anchor xml:id="_emath_8h_source_1l00400"/>00400 <emphasis role="comment"></emphasis>&#32;&#32;&#32;&#32;&#32;&#32;&#32;&#32;&#32;&#32;&#32;&#32;<link linkend="_classemth_1_1Polynomial">Polynomial</link>&#32;<link linkend="_classemth_1_1Monomial_1a55982755a6223cbf977e55979fcad8ff">operator /</link>(<emphasis role="keyword">const</emphasis>&#32;<link linkend="_classemth_1_1Polynomial">Polynomial</link>&amp;&#32;ogn)&#32;<emphasis role="keyword">const</emphasis>&#32;<emphasis role="keyword">noexcept</emphasis>;&#32;<emphasis role="comment">//Division&#32;operator</emphasis>
<anchor xml:id="_emath_8h_source_1l00406"/>00406 <emphasis role="comment"></emphasis>&#32;&#32;&#32;&#32;&#32;&#32;&#32;&#32;&#32;&#32;&#32;&#32;<link linkend="_classemth_1_1Polynomial">Polynomial</link>&#32;<link linkend="_classemth_1_1Monomial_1a8316e22fbd1420a2302fcf8bd6d3b6c2">operator %</link>(<emphasis role="keyword">const</emphasis>&#32;<link linkend="_classemth_1_1Polynomial">Polynomial</link>&amp;&#32;ogn)&#32;<emphasis role="keyword">const</emphasis>&#32;<emphasis role="keyword">noexcept</emphasis>;&#32;<emphasis role="comment">//Modulus&#32;operator</emphasis>
<anchor xml:id="_emath_8h_source_1l00412"/>00412 <emphasis role="comment"></emphasis>&#32;&#32;&#32;&#32;&#32;&#32;&#32;&#32;&#32;&#32;&#32;&#32;<link linkend="_classemth_1_1Polynomial">Polynomial</link>&amp;&#32;<link linkend="_classemth_1_1Monomial_1a7cac7880021c7cf783daa15ee00b94d1">operator +=</link>(<emphasis role="keyword">const</emphasis>&#32;<link linkend="_classemth_1_1Polynomial">Polynomial</link>&amp;&#32;ogn)&#32;<emphasis role="keyword">noexcept</emphasis>;&#32;<emphasis role="comment">//Addition&#32;assigment&#32;operator</emphasis>
<anchor xml:id="_emath_8h_source_1l00418"/>00418 <emphasis role="comment"></emphasis>&#32;&#32;&#32;&#32;&#32;&#32;&#32;&#32;&#32;&#32;&#32;&#32;<link linkend="_classemth_1_1Polynomial">Polynomial</link>&amp;&#32;<link linkend="_classemth_1_1Monomial_1a45a932afba1f1f38c5ca16b6c16fd3c8">operator -=</link>(<emphasis role="keyword">const</emphasis>&#32;<link linkend="_classemth_1_1Polynomial">Polynomial</link>&amp;&#32;ogn)&#32;<emphasis role="keyword">noexcept</emphasis>;&#32;<emphasis role="comment">//Substraction&#32;assigment&#32;operator</emphasis>
<anchor xml:id="_emath_8h_source_1l00424"/>00424 <emphasis role="comment"></emphasis>&#32;&#32;&#32;&#32;&#32;&#32;&#32;&#32;&#32;&#32;&#32;&#32;<link linkend="_classemth_1_1Polynomial">Polynomial</link>&amp;&#32;<link linkend="_classemth_1_1Monomial_1a59e6ec6722fe75349e84c6c3397279f5">operator *=</link>(<emphasis role="keyword">const</emphasis>&#32;<link linkend="_classemth_1_1Polynomial">Polynomial</link>&amp;&#32;ogn)&#32;<emphasis role="keyword">noexcept</emphasis>;&#32;<emphasis role="comment">//Multiplication&#32;assigment&#32;operator</emphasis>
<anchor xml:id="_emath_8h_source_1l00430"/>00430 <emphasis role="comment"></emphasis>&#32;&#32;&#32;&#32;&#32;&#32;&#32;&#32;&#32;&#32;&#32;&#32;<link linkend="_classemth_1_1Polynomial">Polynomial</link>&amp;&#32;<link linkend="_classemth_1_1Monomial_1a1bdb99f916437cd3a7c127b71bec5787">operator /=</link>(<emphasis role="keyword">const</emphasis>&#32;<link linkend="_classemth_1_1Polynomial">Polynomial</link>&amp;&#32;ogn)&#32;<emphasis role="keyword">noexcept</emphasis>;&#32;<emphasis role="comment">//Division&#32;assigment&#32;operator</emphasis>
<anchor xml:id="_emath_8h_source_1l00436"/>00436 <emphasis role="comment"></emphasis>&#32;&#32;&#32;&#32;&#32;&#32;&#32;&#32;&#32;&#32;&#32;&#32;<link linkend="_classemth_1_1Polynomial">Polynomial</link>&amp;&#32;<link linkend="_classemth_1_1Monomial_1ab4c89014e13b2f35f264492486a935fe">operator %=</link>(<emphasis role="keyword">const</emphasis>&#32;<link linkend="_classemth_1_1Polynomial">Polynomial</link>&amp;&#32;ogn)&#32;<emphasis role="keyword">noexcept</emphasis>;&#32;<emphasis role="comment">//Modulus&#32;assigment&#32;operator</emphasis>
<anchor xml:id="_emath_8h_source_1l00443"/><link linkend="_classemth_1_1Polynomial_1a66068882dda621b9bca207d72a9fb2d7">00443</link> <emphasis role="comment"></emphasis>&#32;&#32;&#32;&#32;&#32;&#32;&#32;&#32;&#32;&#32;&#32;&#32;<emphasis role="keyword">friend</emphasis>&#32;std::stringstream&amp;&#32;<link linkend="_classemth_1_1Polynomial_1a66068882dda621b9bca207d72a9fb2d7">operator&lt;&lt;</link>(std::stringstream&amp;&#32;ss,&#32;<emphasis role="keyword">const</emphasis>&#32;<link linkend="_classemth_1_1Polynomial">Polynomial</link>&amp;&#32;p)&#32;<emphasis role="keyword">noexcept</emphasis>;&#32;<emphasis role="comment">//Stream&#32;operator</emphasis>
<anchor xml:id="_emath_8h_source_1l00450"/><link linkend="_classemth_1_1Polynomial_1a444148f9a6121f040d0149c4b5d94ac5">00450</link> <emphasis role="comment"></emphasis>&#32;&#32;&#32;&#32;&#32;&#32;&#32;&#32;&#32;&#32;&#32;&#32;<emphasis role="keyword">friend</emphasis>&#32;std::ostream&amp;&#32;<link linkend="_classemth_1_1Polynomial_1a444148f9a6121f040d0149c4b5d94ac5">operator&lt;&lt;</link>(std::ostream&amp;&#32;out,&#32;<emphasis role="keyword">const</emphasis>&#32;<link linkend="_classemth_1_1Polynomial">Polynomial</link>&amp;&#32;p)&#32;<emphasis role="keyword">noexcept</emphasis>;&#32;<emphasis role="comment">//Stream&#32;operator</emphasis>
<anchor xml:id="_emath_8h_source_1l00455"/>00455 <emphasis role="comment"></emphasis>&#32;&#32;&#32;&#32;&#32;&#32;&#32;&#32;&#32;&#32;&#32;&#32;<emphasis role="keywordtype">int</emphasis>&#32;<link linkend="_classemth_1_1Monomial_1a1a11b6043ddc48006fe37241bb6bc6d0">get_degree</link>()&#32;const&#32;noexcept;&#32;<emphasis role="comment">//Degree&#32;getter</emphasis>
<anchor xml:id="_emath_8h_source_1l00460"/>00460 <emphasis role="comment"></emphasis>&#32;&#32;&#32;&#32;&#32;&#32;&#32;&#32;&#32;&#32;&#32;&#32;std::map&lt;<emphasis role="keywordtype">int</emphasis>,&#32;<link linkend="_classemth_1_1Monomial">Monomial</link>&gt;&#32;get_monomials()&#32;const&#32;noexcept;&#32;<emphasis role="comment">//Monomials&#32;getter</emphasis>
<anchor xml:id="_emath_8h_source_1l00465"/>00465 <emphasis role="comment"></emphasis>&#32;&#32;&#32;&#32;&#32;&#32;&#32;&#32;&#32;&#32;&#32;&#32;<emphasis role="keywordtype">bool</emphasis>&#32;is_empty()&#32;const&#32;noexcept;
<anchor xml:id="_emath_8h_source_1l00471"/>00471 &#32;&#32;&#32;&#32;&#32;&#32;&#32;&#32;&#32;&#32;&#32;&#32;<emphasis role="keywordtype">bool</emphasis>&#32;push_monomial(const&#32;<link linkend="_classemth_1_1Monomial">Monomial</link>&amp;&#32;m)&#32;noexcept;&#32;<emphasis role="comment">//Monomials&#32;appender</emphasis>
<anchor xml:id="_emath_8h_source_1l00477"/>00477 <emphasis role="comment"></emphasis>&#32;&#32;&#32;&#32;&#32;&#32;&#32;&#32;&#32;&#32;&#32;&#32;<emphasis role="keywordtype">bool</emphasis>&#32;push_monomial(<link linkend="_classemth_1_1Monomial">Monomial</link>&amp;&amp;&#32;m)&#32;noexcept;&#32;<emphasis role="comment">//Monomials&#32;appender</emphasis>
<anchor xml:id="_emath_8h_source_1l00482"/>00482 <emphasis role="comment"></emphasis>&#32;&#32;&#32;&#32;&#32;&#32;&#32;&#32;&#32;&#32;&#32;&#32;std::<emphasis role="keywordtype">string</emphasis>&#32;<link linkend="_classemth_1_1Monomial_1a2940ea82172b382f8354fe4d1556b996">get_expression</link>()&#32;const&#32;noexcept;&#32;<emphasis role="comment">//String&#32;expression&#32;getter</emphasis>
<anchor xml:id="_emath_8h_source_1l00488"/>00488 <emphasis role="comment"></emphasis>&#32;&#32;&#32;&#32;&#32;&#32;&#32;&#32;&#32;&#32;&#32;&#32;<emphasis role="keywordtype">double</emphasis>&#32;<link linkend="_classemth_1_1Monomial_1a50a76c251c4a66c3522b78f0aba3c157">get_value</link>(const&#32;<emphasis role="keywordtype">double</emphasis>&amp;&#32;x)&#32;const&#32;noexcept;&#32;<emphasis role="comment">//Value&#32;for&#32;x&#32;getter</emphasis>
<anchor xml:id="_emath_8h_source_1l00493"/>00493 <emphasis role="comment"></emphasis>&#32;&#32;&#32;&#32;&#32;&#32;&#32;&#32;&#32;&#32;&#32;&#32;<link linkend="_classemth_1_1Polynomial">Polynomial</link>&#32;get_derivative()&#32;const&#32;noexcept;&#32;<emphasis role="comment">//Gets&#32;the&#32;derivative</emphasis>
<anchor xml:id="_emath_8h_source_1l00498"/>00498 <emphasis role="comment"></emphasis>&#32;&#32;&#32;&#32;&#32;&#32;&#32;&#32;&#32;&#32;&#32;&#32;<link linkend="_classemth_1_1Polynomial">Polynomial</link>&#32;get_integral()&#32;const&#32;noexcept;&#32;<emphasis role="comment">//Gets&#32;the&#32;integral</emphasis>
<anchor xml:id="_emath_8h_source_1l00503"/>00503 <emphasis role="comment"></emphasis>&#32;&#32;&#32;&#32;&#32;&#32;&#32;&#32;&#32;&#32;&#32;&#32;std::vector&lt;std::complex&lt;<emphasis role="keywordtype">double</emphasis>&gt;&gt;&#32;get_roots()&#32;const&#32;noexcept;
<anchor xml:id="_emath_8h_source_1l00507"/><link linkend="_classemth_1_1Polynomial_1a056e1df4102b0d0add0e8e2805401b82">00507</link> &#32;&#32;&#32;&#32;&#32;&#32;&#32;&#32;&#32;&#32;&#32;&#32;~<link linkend="_classemth_1_1Polynomial">Polynomial</link>();&#32;<emphasis role="comment">//Destructor</emphasis>
<anchor xml:id="_emath_8h_source_1l00508"/>00508 &#32;&#32;&#32;&#32;&#32;&#32;&#32;&#32;private:
<anchor xml:id="_emath_8h_source_1l00512"/>00512 &#32;&#32;&#32;&#32;&#32;&#32;&#32;&#32;&#32;&#32;&#32;&#32;std::map&lt;<emphasis role="keywordtype">int</emphasis>,&#32;<link linkend="_classemth_1_1Monomial">Monomial</link>&gt;&#32;monomials;
<anchor xml:id="_emath_8h_source_1l00517"/>00517 &#32;&#32;&#32;&#32;&#32;&#32;&#32;&#32;&#32;&#32;&#32;&#32;<emphasis role="keywordtype">void</emphasis>&#32;swap(<link linkend="_classemth_1_1Polynomial">Polynomial</link>&amp;&#32;ogn)&#32;noexcept;&#32;<emphasis role="comment">//Swap&#32;function</emphasis>
<anchor xml:id="_emath_8h_source_1l00521"/>00521 <emphasis role="comment"></emphasis>&#32;&#32;&#32;&#32;&#32;&#32;&#32;&#32;&#32;&#32;&#32;&#32;<link linkend="_classemth_1_1Polynomial">Polynomial</link>&amp;&#32;redux()&#32;noexcept;&#32;<emphasis role="comment">//Reduces&#32;the&#32;polynomial</emphasis>
<anchor xml:id="_emath_8h_source_1l00522"/>00522 &#32;&#32;&#32;&#32;};
<anchor xml:id="_emath_8h_source_1l00523"/>00523 };
<anchor xml:id="_emath_8h_source_1l00524"/>00524 <emphasis role="preprocessor">#endif</emphasis>
</programlisting></section>
