<?xml version='1.0' encoding='UTF-8' standalone='no'?>
<section xmlns="http://docbook.org/ns/docbook" version="5.0" xmlns:xlink="http://www.w3.org/1999/xlink" xml:id="_eparser_8h_source" xml:lang="en-US">
<title>eparser.h</title>
<indexterm><primary>include/eparser.h</primary></indexterm>
Go to the documentation of this file.<programlisting linenumbering="unnumbered"><anchor xml:id="_eparser_8h_source_1l00001"/>00001 
<anchor xml:id="_eparser_8h_source_1l00009"/>00009 <emphasis role="preprocessor">#ifndef&#32;EPARSER_H</emphasis>
<anchor xml:id="_eparser_8h_source_1l00010"/>00010 <emphasis role="preprocessor">#define&#32;EPARSER_H</emphasis>
<anchor xml:id="_eparser_8h_source_1l00011"/>00011 <emphasis role="preprocessor">#include&#32;&lt;string&gt;</emphasis>
<anchor xml:id="_eparser_8h_source_1l00012"/>00012 <emphasis role="preprocessor">#include&#32;&quot;<link linkend="_emath_8h">emath.h</link>&quot;</emphasis>
<anchor xml:id="_eparser_8h_source_1l00013"/>00013 <emphasis role="preprocessor">#pragma&#32;once</emphasis>
<anchor xml:id="_eparser_8h_source_1l00019"/>00019 <emphasis role="keyword">namespace&#32;</emphasis><link linkend="_namespaceemthp">emthp</link>&#32;{
<anchor xml:id="_eparser_8h_source_1l00024"/><link linkend="_namespaceemthp_1a29873cfffe66c1e0b36436ebcc54dc6b">00024</link> &#32;&#32;&#32;&#32;<emphasis role="keyword">enum</emphasis>&#32;<link linkend="_namespaceemthp_1a29873cfffe66c1e0b36436ebcc54dc6b">TokenType</link>&#32;{
<anchor xml:id="_eparser_8h_source_1l00028"/><link linkend="_namespaceemthp_1a29873cfffe66c1e0b36436ebcc54dc6bab0be00ab2ea8e4a56ab22f220c7de9bf">00028</link> &#32;&#32;&#32;&#32;&#32;&#32;&#32;&#32;<link linkend="_namespaceemthp_1a29873cfffe66c1e0b36436ebcc54dc6bab0be00ab2ea8e4a56ab22f220c7de9bf">T_PLUS</link>,
<anchor xml:id="_eparser_8h_source_1l00032"/><link linkend="_namespaceemthp_1a29873cfffe66c1e0b36436ebcc54dc6ba636464f87ad08d661e8f664b4a5903db">00032</link> &#32;&#32;&#32;&#32;&#32;&#32;&#32;&#32;<link linkend="_namespaceemthp_1a29873cfffe66c1e0b36436ebcc54dc6ba636464f87ad08d661e8f664b4a5903db">T_MINUS</link>,
<anchor xml:id="_eparser_8h_source_1l00036"/><link linkend="_namespaceemthp_1a29873cfffe66c1e0b36436ebcc54dc6bad7549ed90d6122d0761f3acfb1b56923">00036</link> &#32;&#32;&#32;&#32;&#32;&#32;&#32;&#32;<link linkend="_namespaceemthp_1a29873cfffe66c1e0b36436ebcc54dc6bad7549ed90d6122d0761f3acfb1b56923">T_NUMBER</link>,
<anchor xml:id="_eparser_8h_source_1l00040"/><link linkend="_namespaceemthp_1a29873cfffe66c1e0b36436ebcc54dc6ba6aa4d0d8ca8e058abc4e4e38f466bbd2">00040</link> &#32;&#32;&#32;&#32;&#32;&#32;&#32;&#32;<link linkend="_namespaceemthp_1a29873cfffe66c1e0b36436ebcc54dc6ba6aa4d0d8ca8e058abc4e4e38f466bbd2">T_VARIABLE</link>,
<anchor xml:id="_eparser_8h_source_1l00044"/><link linkend="_namespaceemthp_1a29873cfffe66c1e0b36436ebcc54dc6ba7b607d6341806fa8bc4505c44670de8c">00044</link> &#32;&#32;&#32;&#32;&#32;&#32;&#32;&#32;<link linkend="_namespaceemthp_1a29873cfffe66c1e0b36436ebcc54dc6ba7b607d6341806fa8bc4505c44670de8c">T_EXPONENT</link>,
<anchor xml:id="_eparser_8h_source_1l00048"/>00048 &#32;&#32;&#32;&#32;&#32;&#32;&#32;&#32;<link linkend="_namespaceemthp_1a29873cfffe66c1e0b36436ebcc54dc6ba5a13d17b3d73d6aa1a545e430284ec6d">T_EOF</link>
<anchor xml:id="_eparser_8h_source_1l00049"/><link linkend="_namespaceemthp_1a29873cfffe66c1e0b36436ebcc54dc6ba5a13d17b3d73d6aa1a545e430284ec6d">00049</link> &#32;&#32;&#32;&#32;};
<anchor xml:id="_eparser_8h_source_1l00054"/><link linkend="_structemthp_1_1Token">00054</link> &#32;&#32;&#32;&#32;<emphasis role="keyword">struct&#32;</emphasis><link linkend="_structemthp_1_1Token">Token</link>&#32;{
<anchor xml:id="_eparser_8h_source_1l00055"/>00055 &#32;&#32;&#32;&#32;&#32;&#32;&#32;&#32;<emphasis role="keyword">public</emphasis>:
<anchor xml:id="_eparser_8h_source_1l00059"/><link linkend="_structemthp_1_1Token_1ae532928c40581bc20349979955dfb2f3">00059</link> &#32;&#32;&#32;&#32;&#32;&#32;&#32;&#32;&#32;&#32;&#32;&#32;<link linkend="_namespaceemthp_1a29873cfffe66c1e0b36436ebcc54dc6b">TokenType</link>&#32;<link linkend="_structemthp_1_1Token_1ae532928c40581bc20349979955dfb2f3">type</link>;
<anchor xml:id="_eparser_8h_source_1l00063"/><link linkend="_structemthp_1_1Token_1a0512f6f4c2a7dcf724d582d971393c2c">00063</link> &#32;&#32;&#32;&#32;&#32;&#32;&#32;&#32;&#32;&#32;&#32;&#32;<emphasis role="keywordtype">double</emphasis>&#32;<link linkend="_structemthp_1_1Token_1a0512f6f4c2a7dcf724d582d971393c2c">value</link>;
<anchor xml:id="_eparser_8h_source_1l00064"/>00064 &#32;&#32;&#32;&#32;};
<anchor xml:id="_eparser_8h_source_1l00070"/><link linkend="_classemthp_1_1Lexer">00070</link> &#32;&#32;&#32;&#32;<emphasis role="keyword">class&#32;</emphasis><link linkend="_classemthp_1_1Lexer">Lexer</link>&#32;{
<anchor xml:id="_eparser_8h_source_1l00071"/>00071 &#32;&#32;&#32;&#32;&#32;&#32;&#32;&#32;<emphasis role="keyword">public</emphasis>:
<anchor xml:id="_eparser_8h_source_1l00076"/>00076 &#32;&#32;&#32;&#32;&#32;&#32;&#32;&#32;&#32;&#32;&#32;&#32;<link linkend="_classemthp_1_1Lexer">Lexer</link>(<emphasis role="keyword">const</emphasis>&#32;std::string&amp;&#32;input)&#32;<emphasis role="keyword">noexcept</emphasis>;
<anchor xml:id="_eparser_8h_source_1l00082"/>00082 &#32;&#32;&#32;&#32;&#32;&#32;&#32;&#32;&#32;&#32;&#32;&#32;<link linkend="_classemthp_1_1Lexer">Lexer</link>&amp;&#32;<link linkend="_classemthp_1_1Lexer_1a5116f34af8ec69634dc9202ae2d48b4a">operator =</link>(<emphasis role="keyword">const</emphasis>&#32;<link linkend="_classemthp_1_1Lexer">Lexer</link>&amp;&#32;ogn)&#32;<emphasis role="keyword">noexcept</emphasis>;
<anchor xml:id="_eparser_8h_source_1l00087"/>00087 &#32;&#32;&#32;&#32;&#32;&#32;&#32;&#32;&#32;&#32;&#32;&#32;<link linkend="_structemthp_1_1Token">Token</link>&#32;<link linkend="_classemthp_1_1Lexer_1a629ea5f393603e05dad17b004caba27d">next</link>()&#32;<emphasis role="keyword">noexcept</emphasis>;
<anchor xml:id="_eparser_8h_source_1l00091"/>00091 &#32;&#32;&#32;&#32;&#32;&#32;&#32;&#32;&#32;&#32;&#32;&#32;<emphasis role="keywordtype">void</emphasis>&#32;<link linkend="_classemthp_1_1Lexer_1a273b288699191ec896c9857cfe7f5704">back</link>()&#32;<emphasis role="keyword">noexcept</emphasis>;
<anchor xml:id="_eparser_8h_source_1l00092"/>00092 &#32;&#32;&#32;&#32;&#32;&#32;&#32;&#32;<emphasis role="keyword">private</emphasis>:
<anchor xml:id="_eparser_8h_source_1l00096"/>00096 &#32;&#32;&#32;&#32;&#32;&#32;&#32;&#32;&#32;&#32;&#32;&#32;std::string&#32;_input;
<anchor xml:id="_eparser_8h_source_1l00100"/>00100 &#32;&#32;&#32;&#32;&#32;&#32;&#32;&#32;&#32;&#32;&#32;&#32;<emphasis role="keywordtype">long</emphasis>&#32;<emphasis role="keywordtype">unsigned</emphasis>&#32;<emphasis role="keywordtype">int</emphasis>&#32;_pos;
<anchor xml:id="_eparser_8h_source_1l00105"/>00105 &#32;&#32;&#32;&#32;&#32;&#32;&#32;&#32;&#32;&#32;&#32;&#32;<emphasis role="keywordtype">double</emphasis>&#32;read_number()&#32;<emphasis role="keyword">noexcept</emphasis>;
<anchor xml:id="_eparser_8h_source_1l00111"/>00111 &#32;&#32;&#32;&#32;&#32;&#32;&#32;&#32;&#32;&#32;&#32;&#32;<emphasis role="keyword">static</emphasis>&#32;std::string&#32;clean(<emphasis role="keyword">const</emphasis>&#32;std::string&amp;&#32;input)&#32;<emphasis role="keyword">noexcept</emphasis>;
<anchor xml:id="_eparser_8h_source_1l00118"/>00118 &#32;&#32;&#32;&#32;&#32;&#32;&#32;&#32;&#32;&#32;&#32;&#32;<emphasis role="keyword">static</emphasis>&#32;<emphasis role="keyword">constexpr</emphasis>&#32;<emphasis role="keyword">inline</emphasis>&#32;<emphasis role="keywordtype">bool</emphasis>&#32;is_digit(<emphasis role="keyword">const</emphasis>&#32;<emphasis role="keywordtype">char</emphasis>&amp;&#32;c)&#32;<emphasis role="keyword">noexcept</emphasis>&#32;{<emphasis role="keywordflow">return</emphasis>&#32;((c&#32;&gt;=&#32;<emphasis role="charliteral">&apos;0&apos;</emphasis>&#32;&amp;&amp;&#32;c&#32;&lt;=&#32;<emphasis role="charliteral">&apos;9&apos;</emphasis>)&#32;||&#32;c&#32;==&#32;<emphasis role="charliteral">&apos;.&apos;</emphasis>);}
<anchor xml:id="_eparser_8h_source_1l00119"/>00119 &#32;&#32;&#32;&#32;};
<anchor xml:id="_eparser_8h_source_1l00125"/><link linkend="_classemthp_1_1Parser">00125</link> &#32;&#32;&#32;&#32;<emphasis role="keyword">class&#32;</emphasis><link linkend="_classemthp_1_1Parser">Parser</link>&#32;{
<anchor xml:id="_eparser_8h_source_1l00126"/>00126 &#32;&#32;&#32;&#32;&#32;&#32;&#32;&#32;<emphasis role="keyword">public</emphasis>:
<anchor xml:id="_eparser_8h_source_1l00131"/>00131 &#32;&#32;&#32;&#32;&#32;&#32;&#32;&#32;&#32;&#32;&#32;&#32;<link linkend="_classemthp_1_1Parser">Parser</link>(<emphasis role="keyword">const</emphasis>&#32;std::string&amp;&#32;input)&#32;<emphasis role="keyword">noexcept</emphasis>;
<anchor xml:id="_eparser_8h_source_1l00137"/>00137 &#32;&#32;&#32;&#32;&#32;&#32;&#32;&#32;&#32;&#32;&#32;&#32;<link linkend="_classemthp_1_1Parser">Parser</link>&amp;&#32;<link linkend="_classemthp_1_1Parser_1ada7e099319ce350bb2d5dcfd5ea8b36a">operator =</link>(<emphasis role="keyword">const</emphasis>&#32;<link linkend="_classemthp_1_1Parser">Parser</link>&amp;&#32;ogn)&#32;<emphasis role="keyword">noexcept</emphasis>;
<anchor xml:id="_eparser_8h_source_1l00142"/>00142 &#32;&#32;&#32;&#32;&#32;&#32;&#32;&#32;&#32;&#32;&#32;&#32;<link linkend="_classemth_1_1Polynomial">emth::Polynomial</link>&#32;<link linkend="_classemthp_1_1Parser_1a933df3ba2501887aa6d947bfe6eafe4b">parse_polynomial</link>()&#32;<emphasis role="keyword">noexcept</emphasis>;
<anchor xml:id="_eparser_8h_source_1l00147"/>00147 &#32;&#32;&#32;&#32;&#32;&#32;&#32;&#32;&#32;&#32;&#32;&#32;<link linkend="_classemth_1_1Monomial">emth::Monomial</link>&#32;<link linkend="_classemthp_1_1Parser_1a590566c3e893515a0dbb9db032a889cd">parse_monomial</link>()&#32;<emphasis role="keyword">noexcept</emphasis>;
<anchor xml:id="_eparser_8h_source_1l00148"/>00148 &#32;&#32;&#32;&#32;&#32;&#32;&#32;&#32;<emphasis role="keyword">private</emphasis>:
<anchor xml:id="_eparser_8h_source_1l00152"/>00152 &#32;&#32;&#32;&#32;&#32;&#32;&#32;&#32;&#32;&#32;&#32;&#32;<link linkend="_classemthp_1_1Lexer">Lexer</link>&#32;_lexer;
<anchor xml:id="_eparser_8h_source_1l00157"/>00157 &#32;&#32;&#32;&#32;&#32;&#32;&#32;&#32;&#32;&#32;&#32;&#32;<emphasis role="keywordtype">double</emphasis>&#32;parse_number()&#32;<emphasis role="keyword">noexcept</emphasis>;
<anchor xml:id="_eparser_8h_source_1l00158"/>00158 &#32;&#32;&#32;&#32;};
<anchor xml:id="_eparser_8h_source_1l00159"/>00159 }
<anchor xml:id="_eparser_8h_source_1l00160"/>00160 <emphasis role="preprocessor">#endif</emphasis>
</programlisting></section>
