<?xml version='1.0' encoding='UTF-8' standalone='no'?>
<section xmlns="http://docbook.org/ns/docbook" version="5.0" xmlns:xlink="http://www.w3.org/1999/xlink" xml:id="_font_8h" xml:lang="en-US">
<title>src/font.h File Reference</title>
<indexterm><primary>src/font.h</primary></indexterm>
<para>

<para>This file contains some fonts as a unsigned char arrays. </para>
 
</para>
This graph shows which files directly or indirectly include this file:<para>
    <informalfigure>
        <mediaobject>
            <imageobject>
                <imagedata width="50%" align="center" valign="middle" scalefit="0" fileref="font_8h__dep__incl.svg"></imagedata>
            </imageobject>
        </mediaobject>
    </informalfigure>
</para>
<simplesect>
    <title>Variables    </title>
        <itemizedlist>
            <listitem><para>unsigned char <link linkend="_font_8h_1abee0e1ab69379ae42c9c1ddd2a3ce67e">ROBOTO_BOLD</link> []</para>

<para>The Roboto Bold font as a unsigned char array. </para>
</listitem>
            <listitem><para>unsigned int <link linkend="_font_8h_1ae0ebae1583ff9713f2ddd26ec457f21d">ROBOTO_BOLD_SIZE</link> = 167336</para>

<para>The Roboto Bold font size as a unsigned int. </para>
</listitem>
        </itemizedlist>
</simplesect>
<section>
<title>Detailed Description</title>

<para>This file contains some fonts as a unsigned char arrays. </para>

<para>This file was written using the xxd utility </para>
<para>
Definition in file <link linkend="_font_8h_source">font.h</link>.</para>
</section>
<section>
<title>Variable Documentation</title>
<anchor xml:id="_font_8h_1abee0e1ab69379ae42c9c1ddd2a3ce67e"/><section>
    <title>ROBOTO_BOLD</title>
<indexterm><primary>ROBOTO_BOLD</primary><secondary>font.h</secondary></indexterm>
<indexterm><primary>font.h</primary><secondary>ROBOTO_BOLD</secondary></indexterm>
<para><computeroutput>unsigned char ROBOTO_BOLD[]</computeroutput></para><para>

<para>The Roboto Bold font as a unsigned char array. </para>
</para>
<para>
Definition at line <link linkend="_font_8h_source_1l00012">12</link> of file <link linkend="_font_8h_source">font.h</link>.</para>
</section>
<anchor xml:id="_font_8h_1ae0ebae1583ff9713f2ddd26ec457f21d"/><section>
    <title>ROBOTO_BOLD_SIZE</title>
<indexterm><primary>ROBOTO_BOLD_SIZE</primary><secondary>font.h</secondary></indexterm>
<indexterm><primary>font.h</primary><secondary>ROBOTO_BOLD_SIZE</secondary></indexterm>
<para><computeroutput>unsigned int ROBOTO_BOLD_SIZE = 167336</computeroutput></para><para>

<para>The Roboto Bold font size as a unsigned int. </para>
</para>
<para>
Definition at line <link linkend="_font_8h_source_1l13962">13962</link> of file <link linkend="_font_8h_source">font.h</link>.</para>
</section>
</section>
</section>
