<?xml version='1.0' encoding='UTF-8' standalone='no'?>
<section xmlns="http://docbook.org/ns/docbook" version="5.0" xmlns:xlink="http://www.w3.org/1999/xlink" xml:id="_structemthp_1_1Token" xml:lang="en-US">
<title>emthp::Token Struct Reference</title>
<indexterm><primary>emthp::Token</primary></indexterm>
<para>

<para>Struct for representing a token as a type and a value. </para>
 
</para>
<para>
<computeroutput>#include &lt;eparser.h&gt;</computeroutput>
</para>
<simplesect>
    <title>Public Attributes    </title>
        <itemizedlist>
            <listitem><para><link linkend="_namespaceemthp_1a29873cfffe66c1e0b36436ebcc54dc6b">TokenType</link> <link linkend="_structemthp_1_1Token_1ae532928c40581bc20349979955dfb2f3">type</link></para>

<para>The token&apos;s type as a TokenType. </para>
</listitem>
            <listitem><para>double <link linkend="_structemthp_1_1Token_1a0512f6f4c2a7dcf724d582d971393c2c">value</link></para>

<para>The token&apos;s numerical value as a double. </para>
</listitem>
        </itemizedlist>
</simplesect>
<section>
<title>Detailed Description</title>

<para>Struct for representing a token as a type and a value. </para>
<para>
Definition at line <link linkend="_eparser_8h_source_1l00054">54</link> of file <link linkend="_eparser_8h_source">eparser.h</link>.</para>
</section>
<section>
<title>Member Data Documentation</title>
<anchor xml:id="_structemthp_1_1Token_1ae532928c40581bc20349979955dfb2f3"/><section>
    <title>type</title>
<indexterm><primary>type</primary><secondary>emthp::Token</secondary></indexterm>
<indexterm><primary>emthp::Token</primary><secondary>type</secondary></indexterm>
<para><computeroutput><link linkend="_namespaceemthp_1a29873cfffe66c1e0b36436ebcc54dc6b">TokenType</link> emthp::Token::type</computeroutput></para><para>

<para>The token&apos;s type as a TokenType. </para>
</para>
<para>
Definition at line <link linkend="_eparser_8h_source_1l00059">59</link> of file <link linkend="_eparser_8h_source">eparser.h</link>.</para>
</section>
<anchor xml:id="_structemthp_1_1Token_1a0512f6f4c2a7dcf724d582d971393c2c"/><section>
    <title>value</title>
<indexterm><primary>value</primary><secondary>emthp::Token</secondary></indexterm>
<indexterm><primary>emthp::Token</primary><secondary>value</secondary></indexterm>
<para><computeroutput>double emthp::Token::value</computeroutput></para><para>

<para>The token&apos;s numerical value as a double. </para>
</para>
<para>
Definition at line <link linkend="_eparser_8h_source_1l00063">63</link> of file <link linkend="_eparser_8h_source">eparser.h</link>.</para>
</section>
<para>
The documentation for this struct was generated from the following file:</para>
include/<link linkend="_eparser_8h">eparser.h</link></section>
</section>
