<?xml version='1.0' encoding='UTF-8' standalone='no'?>
<section xmlns="http://docbook.org/ns/docbook" version="5.0" xmlns:xlink="http://www.w3.org/1999/xlink" xml:id="_annotated" xml:lang="en-US">
<title>Class List</title>
Here are the classes, structs, unions and interfaces with brief descriptions:<link linkend="_classemth_1_1Arithmetic">emth::Arithmetic</link>
<para>Class with some functions for arithmetic math </para>
<link linkend="_classEParserTest">EParserTest</link>
<para>Class that provides a test fixture for the test cases </para>
<link linkend="_classemthp_1_1Lexer">emthp::Lexer</link>
<para>Class that works as a token supplier for the <link linkend="_classemthp_1_1Parser">Parser</link> class </para>
<link linkend="_classemth_1_1Monomial">emth::Monomial</link>
<para>Class for representing and operating monomials </para>
<link linkend="_classemthp_1_1Parser">emthp::Parser</link>
<para>Class that wraps a std::string and parses it as a Monomial or as a Polynomial </para>
<link linkend="_classemth_1_1Polynomial">emth::Polynomial</link>
<para>Class for representing and operating polynomials </para>
<link linkend="_structemthp_1_1Token">emthp::Token</link>
<para>Struct for representing a token as a type and a value </para>
</section>
