<?xml version='1.0' encoding='UTF-8' standalone='no'?>
<section xmlns="http://docbook.org/ns/docbook" version="5.0" xmlns:xlink="http://www.w3.org/1999/xlink" xml:id="_classEParserTest" xml:lang="en-US">
<title>EParserTest Class Reference</title>
<indexterm><primary>EParserTest</primary></indexterm>
<para>

<para>Class that provides a test fixture for the test cases. </para>
 
</para>
Inheritance diagram for EParserTest:<para>
    <informalfigure>
        <mediaobject>
            <imageobject>
                <imagedata width="50%" align="center" valign="middle" scalefit="0" fileref="classEParserTest__inherit__graph.svg"></imagedata>
            </imageobject>
        </mediaobject>
    </informalfigure>
</para>
Collaboration diagram for EParserTest:<para>
    <informalfigure>
        <mediaobject>
            <imageobject>
                <imagedata width="50%" align="center" valign="middle" scalefit="0" fileref="classEParserTest__coll__graph.svg"></imagedata>
            </imageobject>
        </mediaobject>
    </informalfigure>
</para>
<simplesect>
    <title>Public Member Functions    </title>
        <itemizedlist>
            <listitem><para><link linkend="_classEParserTest_1abcb56f6fe9d5fd3ca9320b5f981bc52c">EParserTest</link> ()</para>

<para>Standalone constructor for the <link linkend="_classEParserTest">EParserTest</link> class. </para>
</listitem>
            <listitem><para>void <link linkend="_classEParserTest_1a3f86e942a3c31352d1a6019e22fabe14">set_input</link> (const std::string &amp;input)</para>

<para>Function for setting the input to the lexer and parser objects. </para>
</listitem>
        </itemizedlist>
</simplesect>
<simplesect>
    <title>Protected Attributes    </title>
        <itemizedlist>
            <listitem><para><link linkend="_classemthp_1_1Lexer">emthp::Lexer</link> <link linkend="_classEParserTest_1a84cd16fd9d2f4b968c36ec280b7a7423">lexer</link></para>

<para>The lexer object on which to perform the tests on. </para>
</listitem>
            <listitem><para><link linkend="_classemthp_1_1Parser">emthp::Parser</link> <link linkend="_classEParserTest_1a272d2e82239321467bce8dacd326bf6f">parser</link></para>

<para>The parser object on which to perform the tests on. </para>
</listitem>
        </itemizedlist>
</simplesect>
<section>
<title>Detailed Description</title>

<para>Class that provides a test fixture for the test cases. </para>
<para>
Definition at line <link linkend="_test_2eparser_8cpp_source_1l00014">14</link> of file <link linkend="_test_2eparser_8cpp_source">eparser.cpp</link>.</para>
</section>
<section>
<title>Constructor &amp; Destructor Documentation</title>
<anchor xml:id="_classEParserTest_1abcb56f6fe9d5fd3ca9320b5f981bc52c"/><section>
    <title>EParserTest()</title>
<indexterm><primary>EParserTest</primary><secondary>EParserTest</secondary></indexterm>
<indexterm><primary>EParserTest</primary><secondary>EParserTest</secondary></indexterm>
<para><computeroutput>EParserTest::EParserTest ( )<computeroutput>[inline]</computeroutput></computeroutput></para><para>

<para>Standalone constructor for the <link linkend="_classEParserTest">EParserTest</link> class. </para>
</para>

<para>Initializes the lexer and parser object with empty inputs. </para>
<para>
Definition at line <link linkend="_test_2eparser_8cpp_source_1l00020">20</link> of file <link linkend="_test_2eparser_8cpp_source">eparser.cpp</link>.</para>
</section>
</section>
<section>
<title>Member Function Documentation</title>
<anchor xml:id="_classEParserTest_1a3f86e942a3c31352d1a6019e22fabe14"/><section>
    <title>set_input()</title>
<indexterm><primary>set_input</primary><secondary>EParserTest</secondary></indexterm>
<indexterm><primary>EParserTest</primary><secondary>set_input</secondary></indexterm>
<para><computeroutput>void EParserTest::set_input (const std::string &amp; input)<computeroutput>[inline]</computeroutput></computeroutput></para><para>

<para>Function for setting the input to the lexer and parser objects. </para>
</para>

<para>
                <formalpara>
                    <title>
Parameters</title>
                    <para>
                    <table frame="all">
                        <tgroup cols="2" align="left" colsep="1" rowsep="1">
                        <colspec colwidth="1*"/>
                        <colspec colwidth="4*"/>
                        <tbody>
                            <row>
<entry>input</entry><entry>
<para>The std::string to set as input </para>
</entry>
                            </row>
                        </tbody>
                        </tgroup>
                    </table>
                    </para>
                </formalpara>
                </para>
<para>
Definition at line <link linkend="_test_2eparser_8cpp_source_1l00025">25</link> of file <link linkend="_test_2eparser_8cpp_source">eparser.cpp</link>.</para>
<para>
References <link linkend="_test_2eparser_8cpp_source_1l00033">lexer</link>, and <link linkend="_test_2eparser_8cpp_source_1l00037">parser</link>.</para>
</section>
</section>
<section>
<title>Member Data Documentation</title>
<anchor xml:id="_classEParserTest_1a84cd16fd9d2f4b968c36ec280b7a7423"/><section>
    <title>lexer</title>
<indexterm><primary>lexer</primary><secondary>EParserTest</secondary></indexterm>
<indexterm><primary>EParserTest</primary><secondary>lexer</secondary></indexterm>
<para><computeroutput><link linkend="_classemthp_1_1Lexer">emthp::Lexer</link> EParserTest::lexer<computeroutput>[protected]</computeroutput></computeroutput></para><para>

<para>The lexer object on which to perform the tests on. </para>
</para>
<para>
Definition at line <link linkend="_test_2eparser_8cpp_source_1l00033">33</link> of file <link linkend="_test_2eparser_8cpp_source">eparser.cpp</link>.</para>
</section>
<anchor xml:id="_classEParserTest_1a272d2e82239321467bce8dacd326bf6f"/><section>
    <title>parser</title>
<indexterm><primary>parser</primary><secondary>EParserTest</secondary></indexterm>
<indexterm><primary>EParserTest</primary><secondary>parser</secondary></indexterm>
<para><computeroutput><link linkend="_classemthp_1_1Parser">emthp::Parser</link> EParserTest::parser<computeroutput>[protected]</computeroutput></computeroutput></para><para>

<para>The parser object on which to perform the tests on. </para>
</para>
<para>
Definition at line <link linkend="_test_2eparser_8cpp_source_1l00037">37</link> of file <link linkend="_test_2eparser_8cpp_source">eparser.cpp</link>.</para>
</section>
<para>
The documentation for this class was generated from the following file:</para>
test/<link linkend="_test_2eparser_8cpp">eparser.cpp</link></section>
</section>
