<?xml version='1.0' encoding='UTF-8' standalone='no'?>
<section xmlns="http://docbook.org/ns/docbook" version="5.0" xmlns:xlink="http://www.w3.org/1999/xlink" xml:id="_emath_8h" xml:lang="en-US">
<title>include/emath.h File Reference</title>
<indexterm><primary>include/emath.h</primary></indexterm>
<para>

<para>This is the main header file for the emath library. </para>
 
</para>
<programlisting linenumbering="unnumbered">#include &lt;map&gt;<?linebreak?>#include &lt;cmath&gt;<?linebreak?>#include &lt;complex&gt;<?linebreak?>#include &lt;vector&gt;<?linebreak?>#include &lt;string&gt;<?linebreak?>#include &lt;set.h&gt;<?linebreak?></programlisting>Include dependency graph for emath.h:<para>
    <informalfigure>
        <mediaobject>
            <imageobject>
                <imagedata width="50%" align="center" valign="middle" scalefit="0" fileref="emath_8h__incl.svg"></imagedata>
            </imageobject>
        </mediaobject>
    </informalfigure>
</para>
This graph shows which files directly or indirectly include this file:<para>
    <informalfigure>
        <mediaobject>
            <imageobject>
                <imagedata width="50%" align="center" valign="middle" scalefit="0" fileref="emath_8h__dep__incl.svg"></imagedata>
            </imageobject>
        </mediaobject>
    </informalfigure>
</para>
<simplesect>
    <title>Classes    </title>
        <itemizedlist>
            <listitem><para>class <link linkend="_classemth_1_1Arithmetic">emth::Arithmetic</link></para>

<para>Class with some functions for arithmetic math. </para>
</listitem>
            <listitem><para>class <link linkend="_classemth_1_1Monomial">emth::Monomial</link></para>

<para>Class for representing and operating monomials. </para>
</listitem>
            <listitem><para>class <link linkend="_classemth_1_1Polynomial">emth::Polynomial</link></para>

<para>Class for representing and operating polynomials. </para>
</listitem>
        </itemizedlist>
</simplesect>
<simplesect>
    <title>Namespaces    </title>
        <itemizedlist>
            <listitem><para>namespace <link linkend="_namespaceemth">emth</link></para>

<para>Englobes all the classes and functions of the emath library. </para>
</listitem>
        </itemizedlist>
</simplesect>
<section>
<title>Detailed Description</title>

<para>This is the main header file for the emath library. </para>

<para>This file declares the functions of the emath library.<?linebreak?>It consists of two classes, the Monomial class and the Polynomial class.<?linebreak?>The Monomial class declares all the functions, operators, and properties for representing and operating monomials.<?linebreak?>The Polynomial class declares all the functions, operators, and properties for representing and operating polynomials.<?linebreak?></para>
<para>
Definition in file <link linkend="_emath_8h_source">emath.h</link>.</para>
</section>
</section>
