<?xml version='1.0' encoding='UTF-8' standalone='no'?>
<book xmlns="http://docbook.org/ns/docbook" version="5.0" xmlns:xlink="http://www.w3.org/1999/xlink" xml:id="_index" xml:lang="en-US">
    <info>
    <title>EMath++</title>
    </info>
<chapter>
    <title>EMath++ Project</title>
    <xi:include href="mainpage.xml" xmlns:xi="http://www.w3.org/2001/XInclude"/>
</chapter>
<chapter>
    <title>Test List</title>
    <xi:include href="test.xml" xmlns:xi="http://www.w3.org/2001/XInclude"/>
</chapter>
<chapter>
    <title>Namespace Documentation</title>
<xi:include href="namespaceemth.xml" xmlns:xi="http://www.w3.org/2001/XInclude"/>
<xi:include href="namespaceemthp.xml" xmlns:xi="http://www.w3.org/2001/XInclude"/>
</chapter>
<chapter>
    <title>Class Documentation</title>
    <xi:include href="classemth_1_1Arithmetic.xml" xmlns:xi="http://www.w3.org/2001/XInclude"/>
    <xi:include href="classEParserTest.xml" xmlns:xi="http://www.w3.org/2001/XInclude"/>
    <xi:include href="classemthp_1_1Lexer.xml" xmlns:xi="http://www.w3.org/2001/XInclude"/>
    <xi:include href="classemth_1_1Monomial.xml" xmlns:xi="http://www.w3.org/2001/XInclude"/>
    <xi:include href="classemthp_1_1Parser.xml" xmlns:xi="http://www.w3.org/2001/XInclude"/>
    <xi:include href="classemth_1_1Polynomial.xml" xmlns:xi="http://www.w3.org/2001/XInclude"/>
    <xi:include href="structemthp_1_1Token.xml" xmlns:xi="http://www.w3.org/2001/XInclude"/>
</chapter>
<chapter>
    <title>File Documentation</title>
    <xi:include href="emath_8h.xml" xmlns:xi="http://www.w3.org/2001/XInclude"/>
    <xi:include href="emath_8h_source.xml" xmlns:xi="http://www.w3.org/2001/XInclude"/>
    <xi:include href="eparser_8h.xml" xmlns:xi="http://www.w3.org/2001/XInclude"/>
    <xi:include href="eparser_8h_source.xml" xmlns:xi="http://www.w3.org/2001/XInclude"/>
    <xi:include href="src_2emath_8cpp.xml" xmlns:xi="http://www.w3.org/2001/XInclude"/>
    <xi:include href="src_2emath_8cpp_source.xml" xmlns:xi="http://www.w3.org/2001/XInclude"/>
    <xi:include href="test_2emath_8cpp.xml" xmlns:xi="http://www.w3.org/2001/XInclude"/>
    <xi:include href="test_2emath_8cpp_source.xml" xmlns:xi="http://www.w3.org/2001/XInclude"/>
    <xi:include href="src_2eparser_8cpp.xml" xmlns:xi="http://www.w3.org/2001/XInclude"/>
    <xi:include href="src_2eparser_8cpp_source.xml" xmlns:xi="http://www.w3.org/2001/XInclude"/>
    <xi:include href="test_2eparser_8cpp.xml" xmlns:xi="http://www.w3.org/2001/XInclude"/>
    <xi:include href="test_2eparser_8cpp_source.xml" xmlns:xi="http://www.w3.org/2001/XInclude"/>
</chapter>
<index/>
</book>
