<?xml version='1.0' encoding='UTF-8' standalone='no'?>
<section xmlns="http://docbook.org/ns/docbook" version="5.0" xmlns:xlink="http://www.w3.org/1999/xlink" xml:id="_namespaceemth" xml:lang="en-US">
<title>emth Namespace Reference</title>
<indexterm><primary>emth</primary></indexterm>
<para>

<para>Englobes all the classes and functions of the emath library. </para>
 
</para>
<simplesect>
    <title>Classes    </title>
        <itemizedlist>
            <listitem><para>class <link linkend="_classemth_1_1Arithmetic">Arithmetic</link></para>

<para>Class with some functions for arithmetic math. </para>
</listitem>
            <listitem><para>class <link linkend="_classemth_1_1Monomial">Monomial</link></para>

<para>Class for representing and operating monomials. </para>
</listitem>
            <listitem><para>class <link linkend="_classemth_1_1Polynomial">Polynomial</link></para>

<para>Class for representing and operating polynomials. </para>
</listitem>
        </itemizedlist>
</simplesect>
<section>
<title>Detailed Description</title>

<para>Englobes all the classes and functions of the emath library. </para>

<para>The emth namespace contains three classes: <link linkend="_classemth_1_1Arithmetic">Arithmetic</link>, <link linkend="_classemth_1_1Monomial">Monomial</link> and <link linkend="_classemth_1_1Polynomial">Polynomial</link>. The first contains functions for arithmetic operations. The last two are wrappers on abstract algebraic concepts. </para>
</section>
</section>
