<?xml version='1.0' encoding='UTF-8' standalone='no'?>
<section xmlns="http://docbook.org/ns/docbook" version="5.0" xmlns:xlink="http://www.w3.org/1999/xlink" xml:id="_src_2eparser_8cpp" xml:lang="en-US">
<title>src/eparser.cpp File Reference</title>
<indexterm><primary>src/eparser.cpp</primary></indexterm>
<para>

<para>This is the main implementation file for the equation parser. </para>
 
</para>
<programlisting linenumbering="unnumbered">#include &quot;eparser.h&quot;<?linebreak?></programlisting>Include dependency graph for eparser.cpp:<para>
    <informalfigure>
        <mediaobject>
            <imageobject>
                <imagedata width="50%" align="center" valign="middle" scalefit="0" fileref="src_2eparser_8cpp__incl.svg"></imagedata>
            </imageobject>
        </mediaobject>
    </informalfigure>
</para>
<section>
<title>Detailed Description</title>

<para>This is the main implementation file for the equation parser. </para>

<para>This file contains the implementation of the classes and functions for parsing polynomials and monomials.<?linebreak?>It consists of two classes, the Parser class and the Lexer class.<?linebreak?>The Parser class consists of two functions, one for parsing the entire input as a Polynomial and another for parsing a Monomial at a time.<?linebreak?>The Lexer class just provides a token supplier for the Parser class.<?linebreak?></para>
<para>
Definition in file <link linkend="_src_2eparser_8cpp_source">eparser.cpp</link>.</para>
</section>
</section>
