<?xml version='1.0' encoding='UTF-8' standalone='no'?>
<section xmlns="http://docbook.org/ns/docbook" version="5.0" xmlns:xlink="http://www.w3.org/1999/xlink" xml:id="_src_2emath_8cpp" xml:lang="en-US">
<title>src/emath.cpp File Reference</title>
<indexterm><primary>src/emath.cpp</primary></indexterm>
<para>

<para>This is the main source file for the mathematical equation operations. </para>
 
</para>
<programlisting linenumbering="unnumbered">#include &quot;emath.h&quot;<?linebreak?></programlisting>Include dependency graph for emath.cpp:<para>
    <informalfigure>
        <mediaobject>
            <imageobject>
                <imagedata width="50%" align="center" valign="middle" scalefit="0" fileref="src_2emath_8cpp__incl.svg"></imagedata>
            </imageobject>
        </mediaobject>
    </informalfigure>
</para>
<section>
<title>Detailed Description</title>

<para>This is the main source file for the mathematical equation operations. </para>

<para>This file implements the functions declared in <link linkend="_emath_8h">emath.h</link>.<?linebreak?>It consists of two classes, the Monomial class and the Polynomial class.<?linebreak?>The Monomial class implements all the functions, operators, and properties for representing and operating monomials.<?linebreak?>The Polynomial class implements all the functions, operators, and properties for representing and operating polynomials.<?linebreak?></para>
<para>
Definition in file <link linkend="_src_2emath_8cpp_source">emath.cpp</link>.</para>
</section>
</section>
